rating,easy,medium,hard,acceptance,weekly,score
3845,265,192,235,85,6,5199
3798,234,187,261,50,0,5189
3706,81,88,237,60,0,4674
3682,121,117,219,45,0,4694
3589,147,127,197,75,0,4581
3569,179,155,161,55,0,4541
3569,75,90,215,50,0,4469
3532,129,113,172,75,5,4403
3468,84,84,262,75,7,4506
3463,69,59,109,50,0,3977
3451,184,144,252,60,0,4679
3450,220,175,256,80,6,4788
3447,69,79,88,0,0,3938
3443,37,38,217,40,2,4207
3431,35,30,92,60,0,3802
3330,59,51,127,65,0,3872
3321,103,91,213,40,8,4245
3317,98,86,147,30,0,4028
3297,113,118,109,50,0,3973
3295,171,129,187,70,11,4285
3279,92,76,132,30,18,3919
3277,124,126,298,50,0,4547
3264,198,193,142,60,20,4274
3249,161,126,159,75,0,4139
3235,75,87,183,55,0,4033
3223,30,32,34,65,0,3419
3222,59,60,351,45,6,4454
3219,100,123,227,30,0,4246
3204,121,123,246,75,6,4309
3199,48,44,52,55,0,3491
3180,168,122,210,30,1,4222
3163,218,144,185,45,16,4224
3163,21,28,105,15,0,3555
3161,136,177,247,40,0,4392
3159,53,86,111,45,0,3717
3151,48,74,83,40,0,3596
3147,162,114,221,80,13,4200
3146,53,38,56,35,0,3443
3141,158,144,237,70,15,4298
3141,109,95,155,45,0,3905
3136,22,32,83,25,0,3471
3134,27,22,27,75,0,3286
3118,37,78,279,45,0,4148
3115,72,66,95,60,0,3604
3113,100,128,237,70,0,4180
3109,131,140,157,80,0,3991
3102,91,107,281,50,4,4250
3102,116,90,143,65,0,3827
3096,81,75,105,75,2,3642
3093,0,6,21,25,0,3168
3088,68,57,227,40,4,3951
3086,221,166,178,45,5,4173
3082,211,147,213,65,8,4226
3076,63,63,278,85,13,4099
3074,46,48,59,45,0,3393
3074,78,236,289,70,0,4491
3073,117,124,211,45,0,4071
3072,84,97,299,30,0,4247
3065,51,37,44,85,0,3322
3059,47,60,89,40,2,3493
3059,29,49,121,40,13,3549
3058,196,161,224,60,0,4248
3056,212,198,226,75,6,4342
3055,197,143,141,90,0,3961
3052,50,35,100,60,0,3472
3047,24,29,54,50,0,3291
3047,48,69,154,50,0,3695
3046,117,114,354,85,0,4453
3045,39,33,432,40,0,4446
3044,34,70,187,65,0,3779
3037,47,63,399,55,0,4407
3034,83,110,215,45,0,3982
3033,97,129,171,45,0,3901
3032,42,37,230,15,3,3838
3028,87,77,235,35,7,3974
3027,158,185,202,30,2,4161
3024,37,55,229,45,0,3858
3023,88,87,234,70,0,3987
3021,54,51,327,40,1,4158
3017,120,75,101,85,53,3590
3014,47,89,98,40,0,3533
3013,114,111,281,60,24,4192
3013,41,90,295,40,0,4119
3011,48,45,98,40,0,3443
3009,110,108,243,60,0,4064
3008,65,54,177,70,0,3712
3008,69,84,118,60,0,3599
3008,284,202,196,90,6,4284
3006,46,83,135,50,0,3623
3004,35,31,172,85,0,3617
3002,132,183,233,55,0,4199
2995,64,49,82,95,4,3403
2995,50,65,89,50,0,3442
2994,91,114,222,55,0,3979
2987,51,47,57,65,4,3303
2984,176,160,166,60,0,3978
2983,65,89,273,65,4,4045
2980,180,161,203,35,10,4091
2974,195,161,140,75,0,3911
2971,54,65,262,55,2,3941
2970,123,98,160,45,0,3769
2969,298,155,116,80,0,3925
2968,113,87,148,35,6,3699
2967,90,92,104,55,0,3553
2966,55,42,187,40,0,3666
2959,176,148,207,65,11,4052
2950,54,65,141,70,0,3557
2948,48,50,153,35,0,3555
2947,107,113,341,85,2,4303
2945,26,38,49,50,0,3194
2944,0,0,0,0,0,2944
2942,90,93,134,30,14,3620
2940,108,86,227,60,13,3901
2940,156,123,161,60,0,3825
2937,216,174,122,70,0,3867
2933,118,116,236,70,0,3991
2931,74,92,147,65,0,3630
2926,95,65,150,60,0,3601
2926,30,32,344,50,1,4052
2926,46,38,319,5,0,4005
2923,14,8,14,40,0,2995
2923,77,135,178,50,0,3804
2923,102,93,83,30,0,3460
2921,107,163,191,90,0,3927
2916,63,100,70,40,0,3389
2904,69,70,272,85,0,3929
2903,26,21,252,75,0,3727
2901,128,60,267,40,11,3950
2900,117,102,107,50,10,3542
2900,284,194,258,95,0,4346
2900,84,99,257,35,0,3953
2899,109,93,131,80,3,3587
2898,67,48,211,50,1,3694
2896,76,82,72,50,0,3352
2891,57,50,106,45,0,3366
2890,33,36,235,40,1,3700
2886,190,137,147,45,6,3791
2882,37,22,32,50,0,3059
2881,38,33,109,25,0,3312
2879,31,38,142,40,0,3412
2874,214,153,156,70,1,3862
2871,101,106,115,40,0,3529
2870,134,109,142,45,2,3648
2867,41,40,318,45,0,3942
2865,389,237,123,85,9,4097
2863,194,144,182,50,14,3891
2863,56,65,106,35,0,3367
2862,141,171,177,85,0,3876
2852,45,46,47,25,0,3130
2849,216,165,117,75,0,3746
2849,49,121,102,70,0,3446
2848,104,119,64,5,0,3382
2847,89,70,82,75,1,3322
2846,135,120,159,55,0,3698
2845,115,186,232,60,0,4028
2842,139,100,160,35,0,3661
2839,38,33,56,40,0,3111
2838,27,23,15,15,0,2956
2837,70,77,222,60,0,3727
2836,35,59,82,75,0,3235
2834,85,86,80,50,0,3331
2833,46,39,33,25,0,3056
2832,103,80,169,30,0,3602
2830,62,115,264,35,5,3914
2829,49,34,72,25,0,3162
2828,88,157,166,60,0,3728
2827,32,29,31,75,0,3010
2825,112,89,109,40,0,3442
2825,89,164,126,45,0,3620
2823,69,158,137,60,0,3619
2820,37,30,236,55,1,3625
2819,120,76,118,45,8,3445
2819,68,107,257,60,0,3872
2819,359,172,94,65,26,3804
2816,70,72,244,60,0,3762
2816,146,171,179,65,0,3841
2815,35,45,155,35,0,3405
2814,102,80,108,90,5,3400
2813,86,97,150,40,0,3543
2809,169,145,66,40,0,3466
2804,93,78,201,55,0,3656
2801,111,102,139,65,0,3533
2801,78,91,152,70,38,3517
2798,78,98,237,60,0,3783
2794,78,88,227,45,0,3729
2791,87,82,119,45,0,3399
2786,73,83,103,35,12,3334
2785,138,128,135,55,0,3584
2784,90,146,176,10,21,3694
2781,103,126,177,60,0,3667
2780,104,95,158,45,0,3548
2779,50,47,24,35,0,2995
2776,133,145,69,50,0,3406
2776,146,131,168,40,5,3688
2775,83,90,243,15,0,3767
2773,75,94,235,55,2,3741
2772,47,41,152,55,0,3357
2770,135,123,132,35,0,3547
2769,30,17,22,65,0,2899
2769,31,40,317,50,4,3831
2769,30,28,49,65,1,3002
2769,42,38,36,70,0,2995
2768,109,116,251,50,0,3862
2768,96,87,114,65,0,3380
2767,52,65,97,90,0,3240
2766,41,35,43,55,0,3006
2766,167,122,132,45,16,3573
2765,142,176,91,50,0,3532
2764,56,59,106,75,1,3256
2764,142,162,193,60,0,3809
2763,160,206,227,50,0,4016
2762,33,28,57,15,1,3022
2759,89,102,123,40,0,3421
2758,168,108,130,30,0,3532
2758,49,65,260,35,0,3717
2758,254,190,177,70,6,3923
2757,75,75,220,45,0,3642
2757,57,119,165,45,0,3547
2755,141,168,219,80,0,3889
2753,194,147,154,55,0,3703
2752,82,112,98,45,0,3352
2750,114,94,103,40,0,3361
2750,127,96,124,50,0,3441
2750,52,45,73,60,0,3111
2749,88,86,126,90,0,3387
2749,67,50,65,60,1,3111
2749,22,23,32,60,0,2913
2748,58,46,62,30,0,3084
2745,63,56,52,45,0,3076
2744,24,28,149,45,0,3271
2744,102,132,190,55,0,3680
2744,46,55,204,20,0,3512
2742,62,70,193,50,0,3523
2742,120,88,109,60,0,3365
2741,27,34,48,75,0,2980
2740,69,75,305,45,0,3874
2739,37,75,65,55,0,3121
2738,66,59,152,85,1,3378
2738,40,48,80,90,0,3114
2737,88,76,260,60,0,3757
2736,129,109,155,55,0,3548
2735,272,188,130,60,5,3773
2733,41,55,274,55,8,3706
2732,65,92,102,60,0,3287
2732,177,158,165,80,0,3720
2731,66,151,216,55,0,3747
2731,76,71,25,80,0,3024
2730,67,62,172,0,0,3437
2729,58,76,196,40,0,3527
2728,206,174,198,80,3,3876
2728,61,86,314,30,7,3903
2726,87,112,125,70,0,3412
2725,119,82,199,45,1,3605
2724,82,119,241,65,0,3767
2724,178,143,267,75,0,3989
2723,64,44,47,75,0,3016
2723,95,167,74,20,0,3374
2722,8,10,7,25,0,2771
2720,139,111,124,85,0,3453
2720,60,52,64,75,0,3076
2719,136,161,130,75,0,3567
2719,52,87,260,65,0,3725
2718,27,18,14,85,0,2823
2716,133,140,117,20,3,3480
2715,107,72,72,30,6,3182
2715,30,39,391,25,7,3996
2715,52,67,186,45,0,3459
2714,136,138,147,40,3,3567
2712,105,72,68,25,0,3165
2711,32,31,47,40,7,2946
2709,229,168,122,30,13,3640
2708,133,127,164,65,0,3587
2707,41,34,35,25,0,2921
2705,131,139,109,50,0,3441
2705,44,40,51,60,0,2982
2705,17,28,53,10,0,2937
2703,26,35,40,15,0,2919
2702,64,71,239,65,0,3625
2701,46,50,193,20,0,3426
2700,221,173,190,85,0,3837
2700,106,185,157,80,0,3647
2700,14,24,137,60,2,3173
2698,62,67,122,60,0,3260
2697,50,65,85,5,0,3132
2697,4,0,0,20,0,2701
2696,79,54,127,30,0,3264
2696,107,103,137,35,0,3420
2696,62,52,16,65,0,2910
2695,49,55,302,15,0,3760
2695,23,41,75,70,0,3025
2693,53,63,88,50,0,3136
2692,112,171,101,50,0,3449
2692,42,36,258,45,8,3580
2692,67,82,109,70,0,3250
2691,162,121,70,60,0,3305
2691,97,77,82,55,0,3188
2690,37,50,49,65,0,2974
2689,99,84,134,35,0,3358
2688,87,134,93,50,0,3322
2688,35,23,98,60,8,3063
2687,31,30,159,20,0,3255
2686,81,63,114,25,3,3235
2686,60,62,118,10,0,3224
2685,30,21,20,70,0,2817
2685,88,104,106,45,0,3299
2683,133,133,165,55,0,3577
2683,73,46,55,55,0,3013
2682,51,60,55,55,0,3018
2682,40,72,177,5,0,3397
2681,58,57,39,25,0,2970
2679,31,44,110,20,0,3128
2679,80,70,56,10,8,3067
2678,86,81,162,40,12,3412
2678,91,79,32,60,0,3023
2677,191,140,95,30,0,3433
2674,74,118,48,60,0,3128
2673,91,217,114,90,0,3540
2672,73,72,90,75,0,3159
2671,104,73,95,45,2,3206
2671,31,62,25,35,0,2901
2671,45,47,264,30,0,3602
2671,34,113,154,45,0,3393
2671,30,30,200,35,4,3361
2671,155,121,298,30,0,3962
2669,262,148,45,55,0,3362
2667,106,107,133,35,0,3386
2666,273,192,223,65,0,3992
2665,178,150,222,70,5,3809
2665,142,177,184,80,0,3713
2665,86,91,80,10,0,3173
2665,209,204,113,80,0,3621
2664,149,191,164,40,0,3687
2662,40,33,46,70,0,2906
2660,46,177,196,70,0,3648
2660,131,125,110,65,0,3371
2659,23,40,114,55,0,3104
2659,60,79,93,35,0,3156
2659,55,58,245,15,0,3565
2659,93,74,192,55,6,3476
2658,45,66,425,45,1,4110
2656,55,81,556,80,0,4541
2655,80,130,67,30,0,3196
2655,115,164,96,15,0,3386
2655,90,109,240,40,0,3683
2654,27,24,13,70,0,2768
2654,57,70,136,30,2,3259
2654,42,45,22,50,0,2852
2653,59,52,36,45,0,2924
2653,99,115,212,50,5,3618
2653,82,50,60,45,0,3015
2653,157,128,106,70,0,3384
2652,127,108,142,50,0,3421
2650,76,53,41,55,0,2955
2649,129,117,126,75,0,3390
2647,62,92,201,45,0,3496
2647,114,130,149,60,1,3468
2646,44,61,174,45,0,3334
2645,113,98,129,40,0,3341
2644,64,50,102,70,11,3114
2644,23,33,153,60,0,3192
2644,232,190,40,80,0,3376
2644,85,82,69,45,0,3100
2643,47,62,36,45,3,2922
2642,91,89,78,20,0,3145
2641,132,80,191,30,0,3506
2641,59,63,113,45,1,3165
2640,22,50,52,50,0,2918
2639,65,65,104,45,1,3146
2638,80,55,54,75,0,2990
2637,45,46,195,45,0,3359
2637,58,69,222,70,0,3499
2637,36,28,31,65,0,2822
2637,4,13,11,15,0,2700
2636,90,66,62,85,0,3044
2635,137,91,112,30,0,3290
2635,213,166,204,70,0,3792
2635,79,80,76,85,0,3102
2634,89,71,57,35,0,3036
2634,54,44,21,45,0,2839
2633,74,99,210,50,0,3535
2633,20,27,185,30,1,3262
2633,65,98,72,80,0,3110
2633,138,92,155,10,0,3420
2633,46,71,42,30,0,2947
2633,63,184,170,50,23,3574
2632,140,133,219,60,2,3695
2631,72,65,101,60,0,3136
2631,20,9,17,50,0,2720
2630,117,145,162,95,0,3523
2630,13,28,242,20,0,3425
2630,239,145,109,45,15,3486
2629,24,43,69,30,0,2946
2628,45,48,220,50,1,3429
2628,40,39,38,65,0,2860
2628,241,169,109,45,5,3534
2628,100,104,100,55,0,3236
2627,126,107,75,15,0,3192
2626,60,90,65,50,0,3061
2626,82,104,86,40,0,3174
2625,25,30,29,60,0,2797
2624,65,84,165,70,0,3352
2623,344,158,161,80,20,3766
2622,56,61,109,65,19,3127
2622,74,61,176,40,0,3346
2622,233,153,149,50,12,3608
2621,150,82,79,80,0,3172
2621,49,116,97,50,0,3193
2621,271,186,132,85,0,3660
2620,26,21,18,60,0,2742
2620,79,77,100,35,6,3153
2620,146,140,121,60,0,3409
2619,70,95,88,10,0,3143
2618,303,182,168,60,0,3789
2618,82,88,55,55,0,3041
2618,156,150,129,50,0,3461
2618,75,72,67,15,0,3038
2617,32,51,26,10,0,2829
2617,21,35,212,35,3,3344
2617,216,169,123,10,0,3540
2617,157,125,135,70,0,3429
2617,54,68,102,25,1,3113
2616,92,66,76,55,0,3068
2616,50,75,199,55,0,3413
2614,31,22,14,65,0,2731
2614,99,75,72,60,0,3079
2614,125,132,162,50,0,3489
2613,51,47,71,55,14,2971
2613,226,143,74,0,1,3347
2612,79,82,149,20,1,3302
2612,79,90,168,75,28,3375
2611,38,44,54,20,0,2899
2611,110,189,113,80,0,3438
2611,135,113,131,45,3,3365
2611,28,27,199,60,3,3290
2610,26,41,281,75,0,3561
2610,57,59,235,55,0,3490
2609,199,171,113,70,0,3489
2609,186,143,134,55,0,3483
2608,117,98,89,55,0,3188
2607,24,42,203,45,0,3324
2607,186,113,63,40,0,3208
2606,34,67,178,70,0,3308
2605,130,92,110,90,6,3249
2604,112,137,249,85,0,3737
2603,40,83,108,10,0,3133
2603,15,13,253,35,9,3403
2603,31,33,23,35,0,2769
2602,242,177,136,75,0,3606
2602,90,106,64,40,0,3096
2601,169,166,125,80,2,3477
2601,55,47,168,70,0,3254
2600,113,158,192,80,0,3605
2599,262,237,150,100,1,3785
2599,69,158,123,40,0,3353
2599,54,42,44,60,0,2869
2598,3,6,9,5,0,2640
2598,39,31,32,5,0,2795
2598,122,166,133,50,0,3451
2597,65,56,164,70,0,3266
2597,159,122,131,65,0,3393
2596,321,213,131,70,0,3736
2594,81,89,104,35,0,3165
2593,104,111,74,30,0,3141
2593,88,82,165,75,3,3340
2592,144,181,90,30,0,3368
2592,47,36,30,60,0,2801
2592,70,90,37,45,0,2953
2592,87,128,203,55,0,3544
2592,63,41,46,40,0,2875
2590,213,175,140,75,6,3573
2588,161,107,38,45,0,3077
2588,129,111,215,75,22,3584
2588,314,212,154,65,10,3788
2588,55,53,23,40,0,2818
2588,157,122,116,35,23,3337
2586,154,153,101,25,0,3349
2586,67,80,173,75,1,3332
2585,53,55,192,15,0,3324
2585,144,90,137,50,0,3320
2585,176,148,88,40,0,3321
2584,91,79,129,10,16,3220
2584,85,73,76,60,13,3043
2584,85,63,152,45,5,3251
2584,61,50,73,30,0,2964
2584,156,135,221,65,0,3673
2584,110,99,235,55,4,3597
2583,50,46,251,50,0,3478
2583,278,178,179,60,0,3754
2581,23,31,41,15,10,2789
2581,76,87,38,80,0,2945
2580,59,62,167,45,8,3264
2580,65,129,321,70,0,3866
2579,214,215,286,95,10,4081
2579,82,58,100,55,0,3077
2579,86,69,41,45,0,2926
2578,118,102,116,65,18,3248
2578,61,30,88,70,8,2963
2578,130,84,65,35,4,3071
2578,94,116,95,55,0,3189
2578,74,51,212,25,17,3390
2577,200,143,143,50,8,3492
2576,82,74,46,60,0,2944
2576,259,176,137,75,8,3598
2574,112,123,94,85,0,3214
2574,251,159,87,65,8,3404
2573,96,67,76,75,0,3031
2573,110,61,35,40,0,2910
2572,108,111,157,35,0,3373
2571,32,28,21,40,0,2722
2571,152,150,121,55,20,3386
2571,156,122,75,40,0,3196
2570,123,130,218,35,4,3607
2570,16,24,31,50,0,2727
2570,37,30,21,90,0,2730
2570,237,152,93,90,16,3390
2570,75,83,210,50,0,3441
2569,113,105,45,75,0,3027
2569,145,108,153,65,15,3389
2569,71,76,121,30,0,3155
2568,71,69,229,40,0,3464
2567,102,92,73,75,0,3072
2567,60,83,55,70,0,2958
2567,572,165,53,65,0,3628
2566,35,29,51,30,0,2812
2566,11,10,59,30,0,2774
2566,137,106,82,65,0,3161
2566,33,40,235,55,0,3384
2565,157,112,153,60,0,3405
2564,30,24,22,30,0,2708
2564,137,88,59,90,0,3054
2564,85,77,78,60,0,3037
2563,53,38,70,15,0,2902
2563,71,92,149,90,2,3265
2563,139,139,77,60,0,3211
2563,172,135,99,85,1,3302
2563,47,40,25,45,0,2765
2562,59,62,82,10,0,2991
2561,62,115,68,30,0,3057
2561,264,168,103,45,7,3470
2561,39,64,83,85,0,2977
2560,138,118,129,10,2,3321
2560,43,34,31,30,0,2764
2559,51,61,279,60,8,3569
2559,89,72,172,60,0,3308
2558,124,123,162,45,12,3414
2558,121,141,154,40,19,3423
2558,51,52,32,70,0,2809
2556,62,56,45,15,0,2865
2556,113,95,61,35,0,3042
2556,68,63,171,50,0,3263
2556,16,15,26,80,0,2680
2555,49,94,170,60,0,3302
2555,91,208,321,70,0,4025
2554,86,73,93,75,0,3065
2554,78,82,185,50,0,3351
2554,91,112,222,25,44,3535
2553,45,45,282,30,0,3534
2551,99,99,75,30,0,3073
2550,93,68,93,65,0,3058
2550,149,180,97,50,0,3350
2550,75,148,257,15,0,3692
2549,62,54,45,40,0,2854
2548,152,184,159,25,5,3545
2547,52,37,16,75,0,2721
2545,104,79,53,30,0,2966
2545,184,132,199,50,0,3590
2545,219,133,112,50,0,3366
2544,235,192,170,95,7,3673
2544,42,31,217,70,7,3299
2543,17,12,47,50,1,2725
2541,87,83,179,65,2,3331
2540,164,154,95,60,0,3297
2540,71,68,88,60,0,3011
2539,71,59,286,45,0,3586
2539,280,195,156,95,4,3677
2539,88,124,73,55,0,3094
2538,60,80,185,70,0,3313
2537,94,52,93,40,0,3014
2537,88,76,68,50,0,2981
2536,242,184,105,40,0,3461
2535,113,105,258,75,0,3632
2535,85,73,138,60,0,3180
2535,89,71,36,60,0,2874
2535,149,100,183,40,0,3433
2535,23,44,152,55,0,3102
2534,131,67,23,40,0,2868
2534,67,70,191,60,3,3314
2533,14,17,22,30,0,2647
2533,12,13,15,65,0,2616
2533,121,158,300,80,9,3870
2533,105,56,30,60,0,2840
2532,65,54,54,45,8,2867
2532,64,73,221,40,2,3405
2532,237,121,151,70,0,3464
2531,435,80,77,80,0,3357
2531,43,87,262,30,0,3534
2531,26,52,127,50,2,3042
2531,28,33,51,60,0,2778
2531,21,16,124,15,1,2956
2531,25,60,190,50,0,3246
2531,87,96,135,40,0,3215
2530,64,67,96,50,0,3016
2530,15,24,53,45,0,2752
2528,84,49,10,50,0,2740
2527,42,39,74,20,0,2869
2527,142,108,139,15,0,3302
2527,73,72,52,60,0,2900
2527,121,87,80,10,10,3062
2526,306,171,101,95,0,3477
2525,12,15,10,50,0,2597
2525,55,72,155,60,0,3189
2525,72,119,153,60,0,3294
2525,144,112,99,35,11,3190
2525,106,101,102,45,0,3139
2523,39,20,8,70,0,2626
2523,99,85,90,55,0,3062
2523,55,49,31,60,0,2769
2523,43,84,69,35,0,2941
2523,56,53,25,70,0,2760
2522,61,67,108,70,5,3041
2521,79,36,20,65,0,2732
2521,48,55,80,50,2,2919
2521,36,53,35,40,0,2768
2521,122,105,110,45,1,3183
2521,59,83,118,55,7,3100
2520,148,104,28,50,3,2960
2519,286,168,106,75,0,3459
2518,61,56,53,90,0,2850
2517,167,128,108,80,1,3264
2517,113,120,165,70,5,3365
2516,181,124,87,45,0,3206
2516,91,100,199,45,0,3404
2515,77,87,80,55,7,3006
2515,80,89,118,70,0,3127
2515,114,150,101,35,0,3232
2514,106,124,80,70,0,3108
2513,170,131,142,90,0,3371
2513,95,93,141,40,0,3217
2513,189,133,177,65,0,3499
2512,58,65,99,10,16,2997
2512,127,227,154,60,0,3555
2511,68,104,94,75,3,3069
2510,156,138,87,50,0,3203
2509,15,24,28,55,0,2656
2508,61,70,184,45,0,3261
2508,29,26,29,40,0,2676
2508,39,43,232,40,0,3329
2508,14,71,272,75,0,3480
2508,104,111,153,40,4,3293
2507,59,60,59,50,0,2863
2507,84,105,185,85,13,3356
2507,153,188,108,45,0,3360
2506,144,100,101,75,0,3153
2506,66,74,205,60,0,3335
2506,42,79,77,70,0,2937
2505,29,41,67,65,0,2817
2505,73,57,9,30,0,2719
2505,101,81,45,70,0,2903
2505,176,168,50,75,0,3167
2504,91,70,196,55,0,3323
2503,155,142,110,50,0,3272
2503,51,32,140,60,0,3038
2502,183,152,115,45,0,3334
2502,46,114,87,45,0,3037
2501,188,116,63,65,0,3110
2501,204,187,163,55,0,3568
2500,156,126,130,75,0,3298
2500,84,63,56,25,0,2878
2500,96,104,149,35,2,3251
2499,82,107,238,55,2,3509
2499,164,142,163,75,0,3436
2499,100,93,105,65,1,3100
2499,105,74,71,40,5,2965
2499,275,134,60,50,3,3222
2499,85,125,210,60,5,3464
2498,144,89,42,25,10,2946
2498,71,84,178,55,3,3271
2497,64,65,31,60,0,2784
2497,168,124,141,55,0,3336
2496,29,68,60,40,0,2841
2496,64,79,274,45,0,3540
2495,137,125,172,40,1,3398
2494,60,54,28,30,0,2746
2494,154,188,160,40,0,3504
2493,106,136,158,45,0,3345
2493,15,9,7,25,0,2547
2493,93,94,93,85,0,3053
2493,583,369,43,100,21,3943
2492,64,92,79,50,3,2977
2492,22,17,14,15,0,2590
2492,32,32,37,55,0,2699
2491,196,156,117,55,0,3350
2490,151,100,111,55,8,3174
2489,104,124,159,70,0,3318
2489,169,155,138,70,0,3382
2489,34,23,13,50,0,2608
2489,64,74,203,35,0,3310
2488,259,168,113,55,0,3422
2488,40,24,12,25,0,2612
2488,46,43,48,25,0,2764
2487,150,112,68,80,11,3065
2487,69,53,77,30,0,2893
2487,51,37,37,65,1,2723
2487,90,71,77,35,0,2950
2487,292,191,51,65,0,3314
2486,22,17,11,25,25,2575
2486,19,17,24,35,0,2611
2485,99,176,160,55,0,3416
2485,73,64,84,65,0,2938
2485,50,54,52,45,0,2799
2484,122,107,79,60,0,3057
2484,107,92,48,70,5,2919
2484,27,36,41,30,0,2706
2483,122,104,124,70,0,3185
2483,49,53,62,20,0,2824
2482,95,131,130,55,7,3229
2482,121,204,177,50,0,3542
2482,181,147,147,65,11,3398
2481,71,84,60,65,0,2900
2481,55,94,122,45,0,3090
2481,101,77,66,25,0,2934
2481,220,240,144,80,0,3613
2480,200,217,6,75,21,3132
2480,43,68,45,50,0,2794
2480,83,83,291,50,5,3602
2479,77,105,33,45,0,2865
2479,68,98,113,55,3,3082
2478,15,19,20,40,0,2591
2478,56,44,27,35,0,2703
2478,107,126,101,45,0,3140
2477,100,87,114,60,7,3093
2477,16,23,46,80,0,2677
2477,51,82,68,20,0,2896
2477,62,57,18,55,0,2707
2477,59,56,43,50,0,2777
2476,71,84,145,50,0,3150
2476,37,66,28,25,0,2729
2475,85,151,123,75,13,3231
2475,11,13,10,30,4,2542
2475,98,173,140,60,0,3339
2475,58,41,37,50,2,2726
2474,179,181,101,50,4,3318
2474,135,113,59,70,18,3012
2474,52,78,126,20,0,3060
2474,63,93,130,60,0,3113
2474,94,121,144,0,0,3242
2473,161,436,81,80,15,3749
2473,86,72,47,10,7,2844
2472,51,74,42,40,0,2797
2472,80,77,60,65,0,2886
2472,50,65,42,35,0,2778
2471,67,69,213,15,0,3315
2471,238,141,146,80,0,3429
2471,23,38,24,35,0,2642
2471,95,82,93,30,10,3009
2471,41,24,64,60,0,2752
2470,51,69,232,50,0,3355
2470,171,114,120,55,0,3229
2470,35,59,89,65,0,2890
2469,39,42,336,60,6,3600
2469,180,175,127,70,0,3380
2469,269,174,105,90,2,3401
2469,67,104,204,65,0,3356
2469,19,12,9,80,0,2539
2469,183,120,62,55,0,3078
2469,120,117,125,75,13,3198
2469,16,14,13,20,0,2552
2469,54,25,7,35,0,2594
2468,104,67,7,90,0,2727
2468,172,105,40,50,2,2970
2467,42,36,183,5,0,3130
2467,85,80,190,60,0,3282
2466,78,65,29,35,0,2761
2466,34,65,38,65,0,2744
2466,51,72,39,50,0,2778
2464,74,55,29,40,0,2735
2464,58,85,59,85,0,2869
2464,158,122,136,45,22,3274
2464,212,197,105,70,0,3385
2464,149,114,93,45,4,3120
2464,84,81,71,55,2,2923
2464,73,78,189,20,4,3260
2464,121,144,167,70,0,3374
2463,28,52,146,45,3,3033
2463,61,47,63,75,0,2807
2463,112,114,194,50,1,3385
2462,30,34,170,75,0,3070
2462,61,70,48,40,0,2807
2461,66,64,55,70,1,2820
2461,114,83,57,50,0,2912
2461,93,87,64,55,0,2920
2461,107,109,109,45,0,3113
2460,75,51,17,60,0,2688
2460,17,18,25,50,0,2588
2460,58,53,78,55,0,2858
2459,31,69,91,40,0,2901
2459,293,188,101,55,3,3431
2459,77,65,65,15,0,2861
2458,34,45,198,50,0,3176
2458,27,18,14,70,0,2563
2457,16,11,6,30,0,2513
2457,105,81,97,80,0,3015
2456,81,60,36,80,0,2765
2456,65,56,21,100,0,2696
2456,42,42,61,45,11,2765
2455,182,158,181,60,0,3496
2455,115,155,131,50,0,3273
2454,198,177,97,15,1,3297
2454,41,28,34,70,0,2653
2454,268,123,62,35,0,3154
2454,124,155,82,65,0,3134
2453,185,135,144,45,1,3340
2453,193,156,223,45,3,3627
2453,139,122,103,70,0,3145
2453,15,14,14,65,0,2538
2453,79,49,86,60,0,2888
2453,24,35,108,40,0,2871
2452,42,51,248,30,0,3340
2452,116,83,24,45,4,2806
2452,73,64,56,65,0,2821
2451,32,44,27,25,0,2652
2451,94,81,142,80,0,3133
2451,97,134,127,65,0,3197
2451,58,65,85,75,0,2894
2451,81,74,76,70,0,2908
2451,74,50,44,55,0,2757
2450,163,104,85,30,0,3076
2450,116,114,159,45,0,3271
2450,127,103,114,70,9,3125
2449,90,103,129,55,0,3132
2449,64,84,276,65,0,3509
2449,109,158,164,65,0,3366
2449,60,104,160,40,2,3197
2448,37,27,104,50,0,2851
2448,150,127,110,40,9,3182
2448,291,151,51,60,0,3194
2448,99,213,107,80,0,3294
2448,218,155,162,60,0,3462
2447,70,54,108,70,5,2949
2447,60,69,68,30,0,2849
2447,6,9,213,20,8,3110
2447,130,113,119,45,0,3160
2446,153,186,96,55,0,3259
2446,49,84,197,50,7,3254
2446,34,46,51,0,0,2725
2446,72,118,94,35,0,3036
2445,80,110,82,45,0,2991
2445,74,60,64,55,5,2831
2445,45,31,35,35,0,2657
2445,147,125,41,50,0,2965
2445,129,163,215,40,2,3545
2445,68,61,251,75,0,3388
2445,196,143,174,45,16,3449
2444,118,125,61,75,0,2995
2444,14,37,21,35,0,2595
2444,67,66,111,50,0,2976
2444,84,75,97,45,0,2969
2444,78,43,24,60,0,2680
2443,245,142,53,45,0,3131
2443,237,186,179,30,10,3589
2443,152,98,222,35,0,3457
2443,147,115,57,45,0,2991
2443,18,15,14,25,0,2533
2443,60,49,270,65,11,3411
2442,52,76,116,50,0,2994
2441,29,117,162,65,0,3190
2441,146,88,89,65,0,3030
2441,121,69,53,50,2,2859
2441,134,98,141,50,6,3194
2440,100,90,178,60,2,3254
2440,17,74,233,40,0,3304
2440,102,168,86,20,0,3136
2440,54,56,23,35,0,2675
2440,202,139,61,50,0,3103
2440,98,71,73,65,5,2899
2440,91,88,247,55,1,3448
2440,15,31,48,5,0,2661
2440,145,114,157,25,3,3284
2440,79,92,86,25,0,2961
2440,188,112,41,70,0,2975
2439,19,14,10,10,0,2516
2438,126,117,45,65,0,2933
2438,56,88,248,35,0,3414
2438,58,75,57,10,0,2817
2438,92,83,147,20,0,3137
2438,34,22,21,55,1,2579
2438,36,62,132,70,0,2994
2438,32,63,192,70,3,3172
2438,112,143,95,65,0,3121
2437,119,97,109,55,0,3077
2437,68,119,107,35,0,3064
2437,101,133,180,35,0,3344
2437,23,25,20,40,0,2570
2436,23,33,150,35,0,2975
2436,232,194,91,70,3,3329
2436,46,59,65,50,0,2795
2435,67,106,160,45,0,3194
2435,53,93,313,25,0,3613
2435,61,41,21,80,0,2641
2435,57,48,17,30,0,2639
2435,64,147,106,35,0,3111
2435,150,145,128,15,22,3259
2434,52,75,107,25,8,2957
2434,241,223,110,65,0,3451
2434,100,56,17,65,0,2697
2434,40,64,328,75,0,3586
2434,172,117,67,45,2,3041
2434,69,101,121,50,0,3068
2433,21,53,131,45,0,2953
2433,0,0,0,0,0,2433
2433,131,110,113,50,0,3123
2433,117,103,201,75,0,3359
2432,52,30,17,30,0,2595
2432,43,39,114,50,0,2895
2432,119,154,69,65,0,3066
2432,51,23,7,50,0,2550
2432,67,66,203,60,0,3240
2431,108,75,73,50,0,2908
2431,76,69,120,35,0,3005
2431,91,74,64,40,1,2862
2431,213,167,60,80,0,3158
2431,219,201,109,80,0,3379
2431,68,64,243,20,8,3356
2431,40,70,69,40,0,2818
2430,8,29,74,30,0,2718
2430,160,124,147,45,3,3279
2430,200,135,150,60,7,3350
2430,79,98,176,40,0,3233
2430,155,184,152,65,0,3409
2430,73,85,61,70,0,2856
2430,255,180,133,70,36,3444
2429,40,110,208,50,2,3313
2429,146,93,57,60,0,2932
2429,32,69,212,65,1,3235
2429,206,152,85,70,0,3194
2429,29,40,388,25,4,3702
2429,174,95,60,65,2,2973
2429,308,223,61,35,0,3366
2429,168,107,84,80,0,3063
2428,494,343,54,75,0,3770
2428,65,63,221,35,5,3282
2428,76,57,78,65,5,2852
2428,82,88,86,40,0,2944
2428,31,94,91,50,0,2920
2428,92,67,24,15,16,2726
2428,109,68,16,70,0,2721
2428,49,29,13,60,0,2574
2427,101,207,110,30,0,3272
2427,87,60,97,35,0,2925
2427,171,133,55,55,0,3029
2426,14,9,13,60,0,2497
2426,187,127,70,45,0,3077
2426,81,47,16,25,0,2649
2426,86,95,179,30,0,3239
2426,153,125,92,75,1,3105
2426,94,175,132,40,0,3266
2426,95,166,105,25,0,3168
2426,231,151,110,35,0,3289
2425,10,11,9,70,0,2484
2425,344,230,59,25,13,3406
2425,89,67,217,65,0,3299
2425,224,183,35,70,0,3120
2425,107,101,67,15,0,2935
2425,180,150,84,50,0,3157
2425,102,103,211,55,4,3366
2424,102,92,136,70,0,3118
2424,95,170,111,75,0,3192
2424,64,82,69,55,0,2859
2424,90,70,165,75,0,3149
2424,73,105,172,40,4,3223
2424,32,24,18,35,0,2558
2424,68,54,161,25,0,3083
2424,24,25,219,50,0,3155
2424,74,76,223,15,0,3319
2423,7,8,3,15,0,2455
2423,39,28,11,65,0,2551
2422,46,43,44,20,0,2686
2422,63,105,59,10,0,2872
2422,85,76,97,35,7,2950
2422,128,90,18,40,0,2784
2422,38,41,21,15,0,2605
2422,124,143,68,90,0,3036
2421,38,45,32,45,0,2645
2421,130,106,56,25,0,2931
2421,38,28,34,40,3,2617
2421,149,114,98,50,3,3092
2421,159,71,88,60,0,2986
2421,71,113,54,25,0,2880
2421,130,221,115,25,0,3338
2421,15,8,4,70,0,2464
2421,197,117,64,10,4,3044
2421,32,20,22,65,0,2559
2420,123,80,54,15,0,2865
2420,13,10,7,55,0,2474
2420,60,146,227,80,0,3453
2420,142,177,119,75,0,3273
2419,26,21,11,30,0,2520
2419,151,137,91,90,7,3117
2419,89,82,33,40,0,2771
2419,55,60,257,45,0,3365
2419,102,109,88,70,1,3003
2419,201,218,163,70,0,3545
2419,54,84,57,50,0,2812
2419,62,41,56,50,0,2731
2418,15,15,10,70,0,2493
2418,11,14,14,25,0,2499
2418,156,137,140,80,0,3268
2418,25,32,132,10,0,2903
2418,145,116,105,60,5,3110
2418,21,25,21,55,0,2552
2418,140,104,111,70,0,3099
2418,44,105,188,25,0,3236
2418,68,85,199,70,4,3253
2417,13,13,11,60,0,2489
2417,88,83,196,45,0,3259
2417,222,158,130,65,11,3345
2417,79,96,39,35,0,2805
2417,60,31,39,60,0,2656
2417,47,39,35,55,0,2647
2417,38,127,96,45,0,2997
2417,31,54,38,70,0,2670
2416,84,113,92,80,0,3002
2416,44,44,34,60,0,2650
2416,133,121,44,15,0,2923
2416,14,37,53,70,0,2663
2416,13,28,51,55,6,2638
2416,183,177,131,65,2,3346
2416,47,69,35,10,0,2706
2415,151,109,97,65,0,3075
2415,28,40,9,50,0,2550
2415,234,159,61,55,5,3150
2415,20,10,77,80,17,2686
2415,81,98,67,35,0,2893
2414,31,22,15,75,0,2534
2414,40,48,78,30,0,2784
2414,275,126,73,55,1,3160
2414,183,140,64,85,0,3069
2414,208,143,141,80,7,3331
2413,174,83,33,40,0,2852
2413,180,165,67,85,0,3124
2413,110,74,86,40,0,2929
2412,82,100,95,30,14,2979
2412,228,82,135,15,0,3209
2412,212,133,54,70,0,3052
2412,89,66,77,35,0,2864
2412,272,253,99,75,0,3487
2412,192,104,58,35,8,2986
2411,56,32,11,70,0,2564
2411,32,41,39,70,0,2642
2411,35,38,142,0,0,2948
2411,9,79,289,45,15,3445
2411,90,54,9,85,0,2636
2410,100,125,75,70,0,2985
2410,234,149,80,50,5,3182
2410,34,25,9,65,0,2521
2410,63,66,121,45,1,2968
2410,57,71,40,45,6,2729
2410,145,119,186,40,0,3351
2410,143,174,181,55,12,3444
2410,230,190,158,55,0,3494
2410,183,112,52,25,14,2973
2409,29,39,95,50,0,2801
2409,33,19,12,25,0,2516
2409,81,87,60,55,0,2844
2409,112,108,82,65,0,2983
2408,220,167,58,35,0,3136
2408,110,187,199,75,0,3489
2408,194,211,65,60,0,3219
2408,66,29,10,40,0,2562
2408,86,117,97,55,3,3019
2408,93,58,80,45,0,2857
2407,4,15,6,55,0,2459
2407,87,40,68,35,0,2778
2407,54,45,112,55,0,2887
2407,33,41,34,50,2,2624
2407,129,139,90,75,0,3084
2407,35,48,40,65,0,2658
2407,47,74,109,65,0,2929
2407,86,83,108,35,8,2983
2406,96,63,48,65,0,2772
2406,43,32,26,75,0,2591
2406,95,116,105,20,0,3048
2406,0,4,491,65,23,3887
2406,49,65,25,30,0,2660
2406,49,100,89,35,0,2922
2405,168,138,117,85,0,3200
2405,98,134,238,75,0,3485
2405,49,88,358,60,0,3704
2405,204,169,106,65,0,3265
2405,63,62,47,55,0,2733
2405,72,47,16,20,0,2619
2405,152,88,72,15,1,2949
2404,24,15,6,60,0,2476
2404,216,216,112,55,0,3388
2404,39,59,52,60,0,2717
2404,71,77,118,45,0,2983
2404,52,56,42,70,0,2694
2404,96,48,29,25,0,2683
2404,319,189,53,90,0,3260
2403,184,125,47,25,0,2978
2403,71,170,44,60,0,2946
2403,53,57,68,10,10,2774
2403,108,91,102,60,0,2999
2403,177,121,122,50,0,3188
2403,74,47,55,40,0,2736
2402,273,196,151,55,0,3520
2402,257,190,72,65,0,3255
2402,83,80,41,65,0,2768
2402,48,69,82,0,0,2834
2402,113,178,136,35,1,3279
2402,255,167,92,45,0,3267
2402,109,70,58,45,0,2825
2402,109,70,31,10,0,2744
2401,167,99,51,70,0,2919
2401,42,52,29,75,0,2634
2401,197,119,102,50,13,3142
2401,48,68,101,55,0,2888
2401,139,106,118,10,0,3106
2401,8,11,6,5,0,2449
2401,180,135,189,65,0,3418
2401,33,88,75,50,0,2835
2400,146,107,117,90,6,3111
2400,86,103,52,10,0,2848
2400,27,21,13,70,0,2508
2400,51,55,50,20,0,2711
2400,99,97,132,55,0,3089
2400,60,55,250,65,0,3320
2400,43,45,77,70,0,2764
2400,29,30,13,45,0,2528
2400,47,112,147,50,0,3112
2400,80,75,17,60,0,2681
2400,100,83,93,55,0,2945
2399,82,84,107,55,0,2970
2398,60,53,14,70,0,2606
2398,45,37,15,90,9,2562
2397,228,144,168,65,1,3417
2397,62,73,69,60,0,2812
2396,36,36,49,20,5,2651
2396,183,133,81,70,0,3088
2396,37,34,32,45,0,2597
2396,178,117,108,60,0,3132
2395,52,37,79,55,0,2758
2395,54,87,146,45,0,3061
2394,15,8,6,40,0,2443
2394,227,158,71,55,5,3150
2394,52,59,220,20,0,3224
2394,94,87,54,55,0,2824
2394,55,60,67,50,0,2770
2394,65,69,10,80,0,2627
2393,234,234,99,85,0,3392
2393,113,76,121,70,0,3021
2393,10,24,15,70,0,2496
2392,23,16,8,45,0,2471
2392,53,61,223,60,2,3236
2392,176,123,44,35,0,2946
2391,149,117,142,25,0,3200
2391,19,15,9,70,0,2467
2391,133,191,106,80,0,3224
2391,97,180,153,55,0,3307
2390,129,130,45,60,0,2914
2390,155,111,124,55,0,3139
2389,98,138,219,25,27,3420
2389,188,146,154,50,6,3331
2389,112,148,94,70,0,3079
2389,24,15,6,50,0,2461
2389,16,30,280,45,0,3305
2389,142,123,98,75,1,3071
2388,114,193,132,80,0,3284
2388,158,153,143,60,11,3281
2388,41,35,42,50,0,2625
2388,49,64,69,45,0,2772
2388,68,39,12,30,0,2570
2388,243,119,79,50,0,3106
2387,20,20,204,30,1,3059
2386,42,37,21,25,0,2565
2386,41,58,76,55,0,2771
2386,66,65,56,40,0,2750
2384,41,28,23,75,0,2550
2384,284,199,99,75,0,3363
2384,104,79,91,20,3,2919
2383,111,227,186,60,0,3506
2382,10,12,369,60,4,3523
2382,33,38,189,55,0,3058
2381,110,80,147,30,7,3092
2381,35,85,143,40,0,3015
2381,191,197,99,65,0,3263
2380,54,75,122,35,0,2950
2380,91,79,85,45,0,2884
2379,301,127,37,45,0,3045
2379,287,109,27,35,0,2965
2378,32,22,26,30,0,2532
2378,15,12,11,60,0,2450
2378,20,14,7,50,0,2447
2378,109,49,16,35,0,2633
2377,19,26,43,35,17,2577
2377,18,18,10,25,0,2461
2376,135,91,171,45,4,3206
2376,103,113,140,45,0,3125
2376,16,11,12,55,0,2450
2376,104,44,10,55,0,2598
2376,84,97,180,55,0,3194
2375,107,142,95,55,0,3051
2375,0,0,0,0,0,2375
2374,42,20,10,15,2,2486
2374,21,31,48,70,0,2601
2373,68,79,44,20,0,2731
2373,30,35,25,30,0,2548
2373,119,109,100,55,1,3010
2373,133,111,82,20,0,2974
2373,12,57,239,45,2,3216
2372,82,64,29,55,0,2669
2372,43,45,115,45,20,2850
2372,89,87,51,80,0,2788
2371,26,33,3,75,0,2472
2370,63,83,52,45,0,2755
2370,241,164,66,60,0,3137
2370,32,20,89,40,23,2709
2370,62,84,98,50,0,2894
2370,88,103,114,50,0,3006
2369,11,14,1,5,0,2411
2369,111,156,108,35,0,3116
2369,73,39,57,40,0,2691
2369,219,109,24,55,5,2878
2369,180,127,97,40,7,3094
2368,23,46,40,55,0,2603
2368,196,180,134,80,25,3326
2368,172,120,80,45,0,3020
2367,123,78,117,45,0,2997
2367,15,75,109,40,0,2859
2367,92,71,36,55,0,2709
2367,20,25,189,20,0,3004
2366,37,49,334,65,8,3503
2365,102,92,217,30,0,3302
2365,65,78,91,55,0,2859
2365,288,178,104,75,0,3321
2365,49,37,16,30,6,2536
2364,122,113,42,70,0,2838
2364,116,103,93,45,3,2965
2364,13,17,86,0,0,2669
2363,145,175,108,50,6,3182
2363,61,117,133,45,0,3057
2362,189,138,108,80,0,3151
2362,178,130,99,70,2,3097
2362,30,24,12,50,0,2476
2362,18,64,143,40,0,2937
2362,96,71,39,60,12,2717
2361,105,109,69,60,0,2891
2360,181,110,37,40,4,2872
2360,85,58,120,15,0,2921
2360,106,185,229,60,7,3523
2359,27,18,7,25,0,2443
2359,103,105,143,45,11,3101
2358,60,56,11,30,0,2563
2358,42,68,118,40,14,2890
2358,91,61,62,55,0,2757
2358,94,94,117,15,8,2991
2357,65,63,27,60,3,2629
2357,83,59,136,35,0,2966
2357,203,160,64,40,0,3072
2357,47,60,211,40,0,3157
2357,80,110,49,40,0,2804
2357,65,101,79,75,0,2861
2355,169,154,115,40,3,3177
2354,214,159,81,95,5,3129
2354,49,44,141,20,0,2914
2354,195,171,72,60,0,3107
2354,28,34,221,15,12,3113
2354,46,111,56,80,0,2790
2353,63,66,157,30,0,3019
2353,248,152,42,60,4,3031
2353,179,144,198,70,3,3414
2352,161,116,35,45,0,2850
2352,216,162,84,45,0,3144
2352,241,177,120,75,0,3307
2352,66,111,205,50,0,3255
2351,162,138,82,40,5,3035
2351,112,149,56,75,0,2929
2351,48,60,154,55,0,2981
2350,51,44,194,25,13,3071
2350,142,80,48,50,39,2796
2350,48,47,22,10,0,2558
2350,39,28,16,55,3,2493
2349,94,91,208,35,2,3249
2349,48,30,121,55,0,2820
2349,259,230,38,25,0,3182
2349,12,9,2,25,0,2385
2349,41,55,261,45,5,3283
2349,63,104,77,30,0,2851
2348,61,44,179,35,0,3034
2348,58,64,277,30,0,3365
2348,22,27,35,35,1,2529
2348,245,202,72,70,0,3213
2347,18,9,13,65,0,2422
2347,81,84,70,45,0,2806
2347,351,184,57,40,0,3237
2347,79,80,55,20,8,2751
2347,392,77,3,40,0,2902
2347,201,169,83,55,0,3135
2347,90,123,160,40,0,3163
2346,211,111,98,50,21,3073
2345,16,19,6,30,0,2417
2345,212,158,85,65,0,3128
2345,203,148,181,35,4,3387
2345,117,174,134,65,0,3212
2344,138,113,210,50,0,3338
2344,89,81,80,45,0,2835
2344,143,100,83,45,0,2936
2343,62,101,160,70,0,3087
2343,372,49,16,55,0,2861
2342,31,62,42,65,0,2623
2342,119,88,84,40,9,2889
2342,21,64,115,40,0,2836
2342,54,44,27,85,0,2565
2341,86,133,98,25,0,2987
2341,22,26,130,40,2,2805
2341,50,54,44,35,0,2631
2341,84,74,47,75,0,2714
2341,138,118,51,25,0,2868
2340,19,20,28,65,2,2483
2340,55,109,182,40,13,3159
2340,27,21,76,40,0,2637
2340,325,221,59,65,0,3284
2340,86,104,109,30,2,2961
2340,215,163,134,30,6,3283
2340,17,19,190,20,21,2965
2340,48,26,19,35,0,2497
2340,170,230,111,45,2,3303
2340,36,46,41,25,0,2591
2340,128,144,75,50,13,2981
2339,228,134,20,75,0,2895
2339,14,6,10,35,3,2395
2339,9,12,8,25,0,2396
2339,186,168,132,55,0,3257
2339,115,136,118,85,10,3080
2339,71,64,70,70,0,2748
2338,38,25,14,45,0,2468
2338,108,76,12,0,0,2634
2338,250,183,64,35,16,3146
2338,146,112,82,45,0,2954
2338,85,196,165,60,0,3310
2338,28,92,128,60,0,2934
2337,102,90,127,10,4,3000
2337,22,19,10,40,0,2427
2337,87,77,63,45,0,2767
2336,135,129,294,65,0,3611
2336,61,41,9,60,0,2506
2336,41,57,40,60,0,2611
2336,59,59,46,30,6,2651
2336,92,30,9,15,1,2515
2335,73,68,87,75,7,2805
2335,69,56,77,45,0,2747
2335,371,148,56,35,0,3170
2335,254,160,39,40,4,3026
2334,46,89,108,45,0,2882
2334,49,71,120,45,0,2885
2334,96,63,93,65,0,2835
2334,33,25,5,70,0,2432
2334,65,128,179,45,0,3192
2334,31,20,22,40,0,2471
2334,72,68,38,65,0,2656
2333,166,116,91,55,8,3004
2333,212,169,132,50,5,3279
2333,133,121,236,45,0,3416
2333,38,103,204,60,10,3189
2333,132,88,97,70,0,2932
2333,157,153,67,60,10,2997
2333,328,196,149,95,0,3500
2333,101,84,97,45,5,2893
2332,162,147,91,55,0,3061
2332,166,103,125,55,0,3079
2332,96,78,160,50,1,3064
2331,43,46,32,75,0,2562
2331,248,144,32,75,0,2963
2331,43,48,48,25,0,2614
2331,75,71,49,0,0,2695
2331,192,184,49,60,0,3038
2331,42,45,13,55,0,2502
2330,10,17,6,15,0,2392
2330,85,78,53,55,0,2730
2330,105,84,24,55,0,2675
2330,61,67,36,65,0,2633
2330,69,97,269,35,1,3400
2329,302,172,138,45,0,3389
2329,20,32,153,35,0,2872
2329,79,68,54,50,0,2706
2329,127,100,142,60,5,3082
2329,41,22,4,35,0,2426
2329,221,166,118,55,6,3236
2329,16,27,277,40,11,3230
2328,83,155,18,60,0,2775
2328,105,148,188,50,0,3293
2328,155,107,43,70,0,2826
2328,112,66,46,60,0,2710
2328,92,79,124,10,0,2950
2328,119,63,63,35,0,2762
2328,49,66,187,30,1,3070
2328,124,106,39,60,18,2781
2327,157,110,66,55,8,2902
2327,305,171,20,75,0,3034
2327,25,12,2,35,0,2382
2327,177,125,125,50,4,3129
2326,163,118,66,40,0,2923
2326,41,33,61,45,0,2616
2326,47,58,92,45,0,2765
2326,16,35,40,15,0,2532
2326,188,134,84,30,0,3034
2326,128,86,40,25,3,2746
2326,148,147,78,35,4,3002
2326,63,109,84,60,0,2859
2326,207,164,53,65,0,3020
2325,22,10,6,80,0,2385
2325,98,110,116,50,2,2991
2325,99,78,63,40,7,2769
2324,143,176,72,50,0,3035
2324,41,44,61,60,0,2636
2324,32,17,11,65,0,2423
2324,60,48,16,40,0,2528
2323,182,204,101,55,2,3216
2323,62,61,264,50,3,3299
2322,45,53,82,40,0,2719
2322,288,191,84,55,7,3244
2322,47,98,47,65,0,2706
2322,89,66,103,10,3,2852
2322,105,101,91,20,0,2902
2322,43,70,63,0,0,2694
2322,135,114,150,75,0,3135
2322,50,36,9,65,0,2471
2322,36,20,13,70,0,2437
2321,90,134,94,40,0,2961
2321,15,18,25,25,0,2447
2320,12,13,54,10,0,2520
2320,81,68,95,55,4,2822
2320,197,157,76,80,5,3059
2320,56,52,13,40,0,2519
2320,104,75,85,60,0,2829
2320,48,29,31,70,0,2519
2320,187,168,48,55,0,2987
2319,115,125,207,60,8,3305
2319,222,143,101,50,0,3130
2319,62,87,155,40,0,3020
2318,209,138,60,20,3,2983
2318,137,104,80,80,0,2903
2318,33,32,30,55,0,2505
2318,244,183,86,10,13,3186
2317,59,78,298,75,40,3426
2317,145,211,83,30,0,3133
2317,209,234,148,75,5,3438
2317,71,61,161,60,0,2993
2316,53,53,94,35,0,2757
2316,250,110,19,40,0,2843
2316,95,76,189,55,0,3130
2316,119,144,31,15,0,2816
2316,108,109,84,65,15,2894
2316,175,152,103,60,0,3104
2315,100,81,100,40,0,2877
2315,146,130,112,50,2,3057
2315,36,31,22,50,0,2479
2315,276,149,68,50,0,3093
2314,57,42,55,40,4,2620
2314,175,133,48,80,0,2899
2314,143,165,75,65,0,3012
2314,75,69,84,50,0,2779
2314,194,232,116,25,6,3320
2314,169,105,118,60,0,3047
2314,100,83,94,35,6,2862
2313,119,132,113,65,0,3035
2313,37,80,62,35,0,2696
2313,157,163,150,10,0,3246
2313,95,101,167,50,0,3111
2313,6,21,17,35,0,2412
2313,43,48,20,55,0,2512
2312,34,21,16,75,0,2436
2312,111,87,158,55,0,3071
2311,62,106,44,5,0,2717
2311,42,48,99,70,0,2746
2311,268,207,100,75,8,3293
2311,177,128,91,75,0,3017
2311,102,108,79,50,0,2866
2311,108,138,91,50,0,2968
2311,107,71,69,65,0,2767
2311,100,73,91,35,0,2830
2310,64,71,123,65,0,2885
2310,62,70,53,60,6,2671
2310,66,47,35,40,0,2575
2310,111,104,68,10,0,2833
2310,38,64,132,60,0,2872
2309,49,83,137,60,5,2935
2309,125,68,23,30,0,2639
2309,33,39,215,35,0,3065
2309,144,160,80,70,0,3013
2309,120,97,115,65,1,2968
2309,55,38,17,60,0,2491
2309,23,19,13,35,0,2409
2309,36,27,49,30,0,2546
2308,106,124,169,0,9,3169
2308,210,155,82,55,0,3074
2308,43,48,33,15,0,2546
2308,49,65,119,50,1,2844
2308,55,70,45,50,0,2638
2308,210,104,35,65,0,2831
2308,183,125,45,30,5,2876
2308,168,111,108,85,24,3022
2308,185,166,57,45,0,2996
2308,119,88,117,55,4,2954
2307,55,40,20,60,0,2502
2307,282,215,62,50,0,3205
2307,121,120,58,30,0,2842
2307,57,91,68,30,0,2750
2307,52,25,195,40,0,2994
2307,86,65,35,55,0,2628
2306,157,115,194,50,1,3275
2305,202,130,133,45,0,3166
2305,20,9,2,45,0,2349
2305,20,11,30,25,0,2437
2305,74,59,80,60,0,2737
2304,119,114,88,55,0,2915
2304,71,64,167,50,0,3004
2304,38,36,271,45,3,3227
2304,94,56,31,35,8,2603
2304,90,246,69,60,0,3093
2304,102,75,61,40,3,2739
2304,34,33,24,50,1,2476
2304,140,131,158,30,3,3180
2304,130,93,21,25,0,2683
2304,26,27,19,85,0,2441
2303,97,98,37,40,0,2707
2303,88,104,199,50,0,3196
2303,132,88,74,45,0,2833
2303,65,91,39,35,0,2667
2303,137,90,34,10,0,2722
2303,89,174,86,55,1,2998
2302,53,50,156,45,0,2923
2302,17,34,14,30,0,2429
2302,117,108,137,65,0,3046
2301,162,118,87,75,0,2960
2301,225,116,96,50,0,3046
2301,99,93,229,60,2,3273
2301,91,96,35,40,1,2689
2301,37,56,247,50,0,3191
2301,63,76,127,50,0,2897
2301,33,20,13,80,0,2413
2301,103,75,57,45,0,2725
2301,14,10,18,40,0,2389
2300,21,24,10,50,0,2399
2300,48,71,316,50,0,3438
2300,146,77,54,35,0,2762
2300,38,27,12,50,0,2428
2300,36,30,26,50,0,2474
2300,135,94,60,40,0,2803
2300,144,96,20,55,0,2696
2300,30,46,35,30,0,2527
2300,22,8,4,45,0,2350
2299,18,28,434,30,8,3675
2299,85,72,32,55,0,2624
2299,26,53,254,65,0,3193
2299,138,126,64,50,22,2881
2299,70,76,93,40,0,2800
2299,242,121,21,65,0,2846
2299,160,134,82,45,5,2973
2299,191,115,53,60,0,2879
2298,273,165,44,20,0,3033
2298,124,74,31,50,3,2663
2298,22,30,9,15,0,2407
2298,202,120,93,100,0,3019
2298,177,115,60,25,0,2885
2298,35,59,143,55,0,2880
2297,44,74,141,75,0,2912
2296,100,127,140,25,1,3070
2296,350,175,110,60,0,3326
2296,15,8,6,35,0,2345
2296,109,94,19,50,0,2650
2296,13,11,8,35,0,2355
2295,183,152,79,30,9,3019
2295,155,125,93,40,2,2979
2295,172,95,17,35,8,2708
2295,71,96,77,80,0,2789
2295,85,144,73,65,0,2887
2295,34,52,286,55,4,3291
2294,133,145,87,55,0,2978
2294,12,27,19,5,0,2417
2294,26,24,8,50,0,2392
2294,28,47,170,60,0,2926
2294,280,218,79,85,0,3247
2294,273,135,30,55,0,2927
2293,53,53,27,35,0,2533
2293,221,139,81,60,0,3035
2293,104,211,194,40,0,3401
2293,175,201,102,65,0,3176
2293,170,207,167,80,0,3378
2293,101,74,16,50,0,2590
2292,21,20,17,65,0,2404
2292,29,32,182,30,0,2931
2292,48,30,13,30,0,2439
2292,42,42,27,55,2,2499
2292,56,31,10,85,0,2440
2292,101,77,39,50,0,2664
2292,61,56,343,60,0,3494
2291,79,49,32,70,0,2564
2291,30,53,18,50,0,2481
2291,128,99,172,15,5,3133
2291,15,20,249,50,0,3093
2291,37,14,3,45,0,2365
2291,102,141,246,85,0,3413
2291,122,142,95,60,0,2982
2290,81,82,102,65,0,2841
2290,124,95,46,30,0,2742
2290,196,231,64,45,0,3140
2290,120,140,67,40,0,2891
2290,29,27,14,40,0,2415
2289,136,118,81,35,8,2904
2289,122,117,91,20,3,2918
2289,9,38,22,50,0,2440
2289,19,23,11,40,0,2387
2289,92,122,98,40,0,2919
2289,124,107,84,70,3,2879
2289,95,123,317,40,0,3581
2289,184,110,29,25,0,2780
2289,141,78,22,25,0,2652
2289,233,112,92,60,3,3022
2289,82,94,228,45,2,3243
2289,175,148,126,85,0,3138
2288,50,78,111,15,0,2827
2288,283,202,81,90,6,3218
2288,46,46,279,60,1,3263
2288,36,46,304,65,14,3328
2288,35,52,35,55,6,2532
2288,47,41,26,50,2,2495
2288,146,219,87,35,0,3133
2288,79,66,25,65,0,2574
2287,81,38,8,75,0,2468
2287,194,122,76,65,1,2953
2286,40,43,210,30,0,3042
2286,26,22,6,65,0,2374
2286,54,76,75,75,0,2717
2286,48,86,183,60,0,3055
2286,62,45,159,40,7,2915
2285,51,52,63,45,0,2629
2285,222,170,108,75,5,3171
2285,109,107,45,50,0,2743
2285,150,112,68,45,0,2863
2285,125,127,122,90,0,3030
2285,30,30,3,55,0,2384
2285,93,95,203,55,0,3177
2284,30,43,135,35,0,2805
2284,352,238,34,70,1,3214
2283,38,75,83,45,0,2720
2283,24,20,82,65,0,2593
2283,96,96,153,45,8,3030
2283,152,117,135,45,0,3074
2283,79,85,177,40,0,3063
2282,86,91,202,40,0,3156
2282,143,67,170,75,0,3069
2282,97,121,46,55,0,2759
2282,306,215,101,85,15,3321
2282,71,78,65,40,11,2704
2282,164,176,110,65,9,3128
2282,110,142,49,75,0,2823
2282,29,21,27,35,0,2434
2281,23,16,13,55,0,2375
2281,22,17,57,40,7,2508
2281,75,60,179,75,22,3013
2281,123,107,71,60,0,2831
2281,33,49,207,55,4,3033
2281,131,78,91,20,0,2841
2281,75,155,107,20,0,2987
2281,110,122,90,15,2,2905
2281,16,15,12,40,0,2363
2281,121,133,141,50,4,3091
2280,184,157,113,60,0,3117
2280,62,87,130,55,0,2906
2280,25,10,4,45,0,2337
2280,89,195,81,55,0,3002
2280,126,84,87,70,0,2835
2279,153,143,86,55,1,2976
2279,372,154,8,75,0,2983
2279,67,63,40,50,0,2592
2279,17,9,7,45,0,2335
2279,92,142,56,55,0,2823
2279,116,90,63,45,0,2764
2279,106,65,25,50,0,2590
2278,71,101,60,5,0,2731
2278,26,20,6,60,0,2362
2278,27,19,8,60,0,2367
2278,118,114,216,50,0,3272
2278,10,9,6,30,0,2324
2277,218,158,87,45,20,3072
2277,22,22,15,0,0,2388
2277,95,103,57,30,0,2749
2276,166,121,58,55,4,2858
2276,29,29,23,75,0,2432
2276,158,150,45,20,0,2869
2276,71,81,252,40,0,3265
2276,139,212,126,70,7,3217
2276,69,40,23,65,0,2494
2276,64,84,271,65,0,3321
2275,18,9,5,80,0,2326
2275,72,121,28,65,0,2673
2275,107,147,90,20,0,2946
2275,122,193,163,50,1,3272
2274,222,193,102,45,0,3188
2274,192,95,21,55,0,2719
2274,63,112,104,50,0,2873
2274,33,53,119,65,0,2770
2274,444,166,25,75,0,3125
2274,20,30,162,20,2,2840
2274,235,122,36,75,0,2861
2274,69,75,72,80,0,2709
2273,28,25,226,25,6,3029
2273,193,100,71,60,0,2879
2273,34,37,138,65,2,2795
2273,30,41,180,25,1,2925
2272,112,129,167,75,24,3143
2272,54,55,34,0,1,2538
2272,77,86,56,40,1,2689
2272,13,9,8,75,0,2327
2272,176,106,116,55,0,3008
2272,110,123,79,30,0,2865
2271,193,149,171,60,34,3275
2271,62,62,74,55,0,2679
2271,62,43,166,35,2,2917
2271,147,108,51,60,0,2787
2271,10,36,89,65,0,2620
2271,114,133,203,35,11,3260
2270,240,214,87,85,5,3199
2270,14,37,142,45,8,2784
2270,376,197,33,95,2,3139
2270,186,101,30,40,0,2748
2270,238,155,148,55,0,3262
2270,108,107,43,25,0,2721
2270,95,91,89,45,16,2814
2270,41,55,149,25,0,2868
2269,78,70,309,60,0,3414
2269,62,82,43,30,0,2624
2269,105,119,264,55,5,3404
2268,153,131,45,25,0,2818
2268,140,121,155,65,0,3115
2268,167,88,48,75,0,2755
2268,186,180,82,60,0,3060
2268,156,160,92,65,0,3020
2267,227,143,78,30,1,3014
2267,42,52,40,60,0,2533
2267,106,234,138,70,0,3255
2267,206,140,14,40,0,2795
2267,130,155,57,75,0,2878
2267,15,10,2,60,0,2308
2267,185,165,91,85,27,3055
2267,51,78,139,60,0,2891
2267,50,86,39,40,0,2606
2267,45,48,53,60,16,2567
2267,175,153,91,35,5,3021
2266,58,52,92,40,0,2704
2266,43,28,18,70,0,2419
2266,119,111,97,75,0,2898
2266,29,37,256,55,0,3137
2266,118,61,17,60,0,2557
2266,144,103,103,10,0,2925
2266,186,156,97,40,0,3055
2266,120,167,121,65,6,3083
2265,23,93,146,40,0,2912
2265,85,54,99,45,0,2755
2265,80,68,28,15,0,2565
2265,156,125,70,45,0,2881
2265,40,28,207,40,0,2982
2265,235,127,142,25,3,3180
2265,82,357,59,50,0,3238
2265,59,51,38,50,0,2540
2265,65,103,49,30,0,2683
2265,186,189,49,50,0,2976
2264,75,102,84,60,0,2795
2264,71,49,54,55,0,2595
2264,0,0,208,30,8,2888
2264,77,68,28,25,26,2561
2264,61,53,88,55,0,2695
2264,87,60,125,70,0,2846
2264,39,39,165,40,4,2876
2264,65,110,219,55,15,3206
2264,198,136,93,50,1,3013
2264,43,108,251,80,15,3276
2263,201,178,174,95,0,3342
2263,105,138,144,55,0,3076
2263,18,224,227,85,23,3410
2263,85,133,74,50,0,2836
2263,450,87,14,90,0,2929
2263,77,117,95,70,11,2859
2263,142,118,129,55,0,3028
2263,114,112,243,45,0,3330
2263,165,146,110,60,17,3050
2263,82,114,231,50,11,3266
2263,86,91,171,60,1,3044
2263,112,94,211,45,0,3196
2262,152,99,58,60,0,2786
2262,91,94,161,20,6,3024
2262,20,21,6,30,0,2342
2262,192,175,73,70,0,3023
2262,32,16,5,85,0,2341
2262,133,137,80,65,0,2909
2262,110,98,121,30,7,2931
2262,51,80,210,30,17,3103
2261,93,108,31,55,0,2663
2261,52,60,137,45,0,2844
2261,54,102,170,15,4,3029
2261,136,119,131,70,0,3028
2261,190,216,47,50,1,3024
2260,123,150,130,45,0,3073
2260,126,122,54,30,0,2792
2260,66,84,146,60,0,2932
2260,112,84,152,60,0,2996
2260,94,84,51,75,2,2675
2260,126,64,13,5,0,2553
2259,94,66,25,40,0,2560
2259,162,152,209,65,11,3352
2259,32,38,71,70,0,2580
2259,98,112,102,30,0,2887
2259,212,147,124,50,4,3137
2259,279,181,89,80,40,3167
2258,123,48,25,35,0,2552
2258,99,69,25,45,6,2570
2258,108,93,135,15,0,2957
2258,135,126,6,45,50,2663
2258,22,143,171,55,0,3079
2258,199,148,116,55,10,3101
2257,134,135,91,70,0,2934
2257,163,129,73,30,0,2897
2257,31,55,12,45,0,2434
2257,67,59,130,10,0,2832
2256,62,54,181,45,0,2969
2256,78,76,33,10,4,2585
2256,148,175,66,45,0,2952
2256,100,207,82,50,9,3016
2256,191,129,63,75,0,2894
2256,46,24,14,80,0,2392
2256,34,31,121,55,0,2715
2256,46,67,148,65,0,2880
2256,106,103,125,45,0,2943
2256,46,41,22,55,1,2450
2256,56,135,88,55,0,2846
2255,48,38,14,70,0,2421
2255,47,67,182,45,1,2982
2255,52,242,68,60,0,2995
2255,236,159,178,75,0,3343
2255,37,29,21,50,0,2413
2254,203,129,130,15,0,3105
2254,181,128,52,40,7,2847
2254,242,159,100,30,0,3114
2254,127,89,51,50,0,2712
2254,326,153,74,50,4,3108
2254,27,17,7,50,0,2336
2254,33,50,27,55,0,2468
2254,12,17,11,60,0,2333
2253,138,138,161,50,0,3150
2253,108,107,70,40,0,2785
2253,123,101,67,25,8,2779
2253,42,37,22,40,0,2435
2253,264,179,201,80,0,3478
2253,178,133,110,50,0,3027
2253,232,94,15,75,0,2718
2253,26,23,12,30,0,2361
2253,54,50,17,60,0,2458
2253,31,42,263,50,1,3157
2252,93,76,196,65,5,3085
2252,251,194,62,95,0,3077
2252,30,36,22,20,0,2420
2252,99,39,7,65,1,2450
2252,111,49,18,25,0,2515
2252,181,118,94,40,0,2951
2252,41,29,70,50,2,2561
2252,62,54,24,50,0,2494
2251,126,98,53,50,0,2732
2251,52,46,93,55,0,2674
2251,83,53,43,70,0,2569
2251,172,109,18,80,0,2695
2251,57,55,136,20,3,2826
2251,89,71,22,60,2,2548
2251,91,51,24,65,0,2516
2251,279,189,106,70,24,3226
2251,171,113,63,15,0,2837
2251,16,20,371,65,3,3420
2250,99,84,104,45,2,2829
2250,15,4,8,75,0,2297
2250,32,29,40,15,1,2460
2250,50,92,47,50,0,2625
2250,84,124,271,65,1,3395
2250,114,54,62,60,0,2658
2250,230,99,17,75,0,2729
2249,140,104,43,35,1,2726
2249,253,184,76,45,8,3098
2249,138,51,13,5,0,2528
2249,20,11,14,70,0,2333
2249,419,168,38,75,0,3118
2249,134,72,21,50,0,2590
2249,25,16,3,5,0,2315
2249,61,29,5,80,0,2383
2249,2,4,2,5,0,2265
2249,236,178,90,90,0,3111
2249,53,50,34,35,0,2504
2249,22,10,2,40,0,2297
2248,100,57,26,10,0,2540
2248,17,14,11,40,0,2326
2248,9,16,438,85,2,3603
2248,179,93,24,35,0,2685
2247,87,101,187,50,0,3097
2247,161,116,40,45,4,2760
2247,87,78,44,50,0,2622
2247,131,217,180,75,0,3352
2247,137,151,87,35,1,2947
2247,33,24,6,35,0,2346
2247,40,53,206,60,0,3011
2247,196,203,44,20,0,2981
2247,159,135,109,40,0,3003
2246,241,121,21,35,0,2792
2246,209,128,72,80,2,2927
2246,37,23,3,65,0,2338
2246,286,170,72,55,4,3088
2246,141,123,54,40,0,2795
2246,11,7,4,45,0,2283
2246,62,66,55,0,1,2605
2246,58,26,2,65,0,2362
2245,207,121,87,40,9,2955
2245,207,134,60,70,0,2900
2245,80,64,26,45,4,2531
2245,124,117,108,70,0,2927
2245,142,97,103,40,0,2890
2245,432,208,33,65,0,3192
2245,190,125,78,70,2,2919
2245,81,87,27,70,0,2581
2245,109,93,128,45,0,2924
2244,150,96,53,55,0,2745
2244,108,92,186,25,0,3094
2244,92,90,82,30,0,2762
2244,260,143,31,25,6,2883
2244,176,189,86,40,2,3056
2244,145,163,104,25,0,3027
2244,164,134,70,70,0,2886
2243,193,147,80,80,0,2970
2243,150,107,52,45,3,2763
2243,82,125,171,55,0,3088
2243,225,164,76,65,1,3024
2243,43,48,84,35,0,2634
2243,25,27,66,40,0,2520
2243,196,139,45,30,7,2852
2243,171,178,34,45,0,2872
2242,10,6,6,35,0,2282
2242,129,119,86,45,0,2867
2242,153,66,69,40,0,2734
2242,152,76,43,85,0,2675
2242,218,155,22,60,0,2836
2242,148,151,170,60,6,3202
2242,32,23,179,30,0,2857
2241,201,120,35,5,0,2787
2241,25,20,11,50,0,2339
2241,9,20,323,50,48,3259
2241,146,99,61,50,5,2768
2241,31,13,1,60,0,2301
2241,29,26,13,25,5,2361
2240,149,128,140,65,0,3065
2240,76,60,79,30,11,2673
2240,53,72,175,40,0,2962
2240,99,148,124,0,3,3007
2240,129,144,73,20,0,2876
2240,109,100,143,35,0,2978
2240,21,12,4,55,0,2297
2240,181,143,54,40,0,2869
2239,112,78,27,55,0,2588
2239,68,40,36,50,0,2495
2239,90,61,20,65,0,2511
2239,17,72,32,55,1,2496
2239,72,113,172,40,0,3053
2239,208,154,107,65,6,3076
2239,154,147,40,50,0,2807
2239,125,103,147,50,21,3011
2239,30,20,2,30,0,2315
2239,70,93,46,65,2,2633
2238,45,20,2,60,0,2329
2238,116,76,16,75,5,2554
2238,139,153,144,65,0,3115
2238,80,86,121,60,24,2853
2238,71,54,20,30,0,2477
2238,80,72,14,65,0,2504
2238,269,178,69,45,5,3070
2238,225,79,65,65,7,2816
2238,66,31,7,75,0,2387
2238,186,149,87,65,0,2983
2238,72,81,33,75,0,2571
2238,130,60,49,80,0,2635
2238,110,75,155,40,0,2963
2238,340,161,35,50,0,3005
2237,196,130,207,55,0,3314
2237,127,100,120,15,1,2924
2237,48,123,93,40,0,2810
2237,295,143,65,85,5,3013
2237,181,111,83,55,0,2889
2237,52,97,95,50,0,2768
2236,181,199,187,5,15,3376
2236,118,121,109,35,5,2923
2236,75,78,27,35,0,2548
2236,46,38,13,70,0,2397
2236,35,17,2,50,0,2311
2236,13,22,7,20,0,2314
2236,114,113,47,25,0,2717
2236,75,79,124,65,7,2841
