rating,easy,medium,hard,acceptance,weekly
3845.0,265.0,192.0,235.0,85.0,6.0
3798.0,234.0,187.0,261.0,50.0,0.0
3706.0,81.0,88.0,237.0,60.0,0.0
3682.0,121.0,117.0,219.0,45.0,0.0
3589.0,147.0,127.0,197.0,75.0,0.0
3569.0,179.0,155.0,161.0,55.0,0.0
3569.0,75.0,90.0,215.0,50.0,0.0
3532.0,129.0,113.0,172.0,75.0,5.0
3468.0,84.0,84.0,262.0,75.0,7.0
3463.0,69.0,59.0,109.0,50.0,0.0
3451.0,184.0,144.0,252.0,60.0,0.0
3450.0,220.0,175.0,256.0,80.0,6.0
3447.0,69.0,79.0,88.0,0.0,0.0
3443.0,37.0,38.0,217.0,40.0,2.0
3431.0,35.0,30.0,92.0,60.0,0.0
3330.0,59.0,51.0,127.0,65.0,0.0
3321.0,103.0,91.0,213.0,40.0,8.0
3317.0,98.0,86.0,147.0,30.0,0.0
3297.0,113.0,118.0,109.0,50.0,0.0
3295.0,171.0,129.0,187.0,70.0,11.0
3279.0,92.0,76.0,132.0,30.0,18.0
3277.0,124.0,126.0,298.0,50.0,0.0
3264.0,198.0,193.0,142.0,60.0,20.0
3249.0,161.0,126.0,159.0,75.0,0.0
3235.0,75.0,87.0,183.0,55.0,0.0
3223.0,30.0,32.0,34.0,65.0,0.0
3222.0,59.0,60.0,351.0,45.0,6.0
3219.0,100.0,123.0,227.0,30.0,0.0
3204.0,121.0,123.0,246.0,75.0,6.0
3199.0,48.0,44.0,52.0,55.0,0.0
3180.0,168.0,122.0,210.0,30.0,1.0
3163.0,218.0,144.0,185.0,45.0,16.0
3163.0,21.0,28.0,105.0,15.0,0.0
3161.0,136.0,177.0,247.0,40.0,0.0
3159.0,53.0,86.0,111.0,45.0,0.0
3151.0,48.0,74.0,83.0,40.0,0.0
3147.0,162.0,114.0,221.0,80.0,13.0
3146.0,53.0,38.0,56.0,35.0,0.0
3141.0,158.0,144.0,237.0,70.0,15.0
3141.0,109.0,95.0,155.0,45.0,0.0
3136.0,22.0,32.0,83.0,25.0,0.0
3134.0,27.0,22.0,27.0,75.0,0.0
3118.0,37.0,78.0,279.0,45.0,0.0
3115.0,72.0,66.0,95.0,60.0,0.0
3113.0,100.0,128.0,237.0,70.0,0.0
3109.0,131.0,140.0,157.0,80.0,0.0
3102.0,91.0,107.0,281.0,50.0,4.0
3102.0,116.0,90.0,143.0,65.0,0.0
3096.0,81.0,75.0,105.0,75.0,2.0
3093.0,0.0,6.0,21.0,25.0,0.0
3088.0,68.0,57.0,227.0,40.0,4.0
3086.0,221.0,166.0,178.0,45.0,5.0
3082.0,211.0,147.0,213.0,65.0,8.0
3076.0,63.0,63.0,278.0,85.0,13.0
3074.0,46.0,48.0,59.0,45.0,0.0
3074.0,78.0,236.0,289.0,70.0,0.0
3073.0,117.0,124.0,211.0,45.0,0.0
3072.0,84.0,97.0,299.0,30.0,0.0
3065.0,51.0,37.0,44.0,85.0,0.0
3059.0,47.0,60.0,89.0,40.0,2.0
3059.0,29.0,49.0,121.0,40.0,13.0
3058.0,196.0,161.0,224.0,60.0,0.0
3056.0,212.0,198.0,226.0,75.0,6.0
3055.0,197.0,143.0,141.0,90.0,0.0
3052.0,50.0,35.0,100.0,60.0,0.0
3047.0,24.0,29.0,54.0,50.0,0.0
3047.0,48.0,69.0,154.0,50.0,0.0
3046.0,117.0,114.0,354.0,85.0,0.0
3045.0,39.0,33.0,432.0,40.0,0.0
3044.0,34.0,70.0,187.0,65.0,0.0
3037.0,47.0,63.0,399.0,55.0,0.0
3034.0,83.0,110.0,215.0,45.0,0.0
3033.0,97.0,129.0,171.0,45.0,0.0
3032.0,42.0,37.0,230.0,15.0,3.0
3028.0,87.0,77.0,235.0,35.0,7.0
3027.0,158.0,185.0,202.0,30.0,2.0
3024.0,37.0,55.0,229.0,45.0,0.0
3023.0,88.0,87.0,234.0,70.0,0.0
3021.0,54.0,51.0,327.0,40.0,1.0
3017.0,120.0,75.0,101.0,85.0,53.0
3014.0,47.0,89.0,98.0,40.0,0.0
3013.0,114.0,111.0,281.0,60.0,24.0
3013.0,41.0,90.0,295.0,40.0,0.0
3011.0,48.0,45.0,98.0,40.0,0.0
3009.0,110.0,108.0,243.0,60.0,0.0
3008.0,65.0,54.0,177.0,70.0,0.0
3008.0,69.0,84.0,118.0,60.0,0.0
3008.0,284.0,202.0,196.0,90.0,6.0
3006.0,46.0,83.0,135.0,50.0,0.0
3004.0,35.0,31.0,172.0,85.0,0.0
3002.0,132.0,183.0,233.0,55.0,0.0
2995.0,64.0,49.0,82.0,95.0,4.0
2995.0,50.0,65.0,89.0,50.0,0.0
2994.0,91.0,114.0,222.0,55.0,0.0
2987.0,51.0,47.0,57.0,65.0,4.0
2984.0,176.0,160.0,166.0,60.0,0.0
2983.0,65.0,89.0,273.0,65.0,4.0
2980.0,180.0,161.0,203.0,35.0,10.0
2974.0,195.0,161.0,140.0,75.0,0.0
2971.0,54.0,65.0,262.0,55.0,2.0
2970.0,123.0,98.0,160.0,45.0,0.0
2969.0,298.0,155.0,116.0,80.0,0.0
2968.0,113.0,87.0,148.0,35.0,6.0
2967.0,90.0,92.0,104.0,55.0,0.0
2966.0,55.0,42.0,187.0,40.0,0.0
2959.0,176.0,148.0,207.0,65.0,11.0
2950.0,54.0,65.0,141.0,70.0,0.0
2948.0,48.0,50.0,153.0,35.0,0.0
2947.0,107.0,113.0,341.0,85.0,2.0
2945.0,26.0,38.0,49.0,50.0,0.0
2944.0,0.0,0.0,0.0,0.0,0.0
2942.0,90.0,93.0,134.0,30.0,14.0
2940.0,108.0,86.0,227.0,60.0,13.0
2940.0,156.0,123.0,161.0,60.0,0.0
2937.0,216.0,174.0,122.0,70.0,0.0
2933.0,118.0,116.0,236.0,70.0,0.0
2931.0,74.0,92.0,147.0,65.0,0.0
2926.0,95.0,65.0,150.0,60.0,0.0
2926.0,30.0,32.0,344.0,50.0,1.0
2926.0,46.0,38.0,319.0,5.0,0.0
2923.0,14.0,8.0,14.0,40.0,0.0
2923.0,77.0,135.0,178.0,50.0,0.0
2923.0,102.0,93.0,83.0,30.0,0.0
2921.0,107.0,163.0,191.0,90.0,0.0
2916.0,63.0,100.0,70.0,40.0,0.0
2904.0,69.0,70.0,272.0,85.0,0.0
2903.0,26.0,21.0,252.0,75.0,0.0
2901.0,128.0,60.0,267.0,40.0,11.0
2900.0,117.0,102.0,107.0,50.0,10.0
2900.0,284.0,194.0,258.0,95.0,0.0
2900.0,84.0,99.0,257.0,35.0,0.0
2899.0,109.0,93.0,131.0,80.0,3.0
2898.0,67.0,48.0,211.0,50.0,1.0
2896.0,76.0,82.0,72.0,50.0,0.0
2891.0,57.0,50.0,106.0,45.0,0.0
2890.0,33.0,36.0,235.0,40.0,1.0
2886.0,190.0,137.0,147.0,45.0,6.0
2882.0,37.0,22.0,32.0,50.0,0.0
2881.0,38.0,33.0,109.0,25.0,0.0
2879.0,31.0,38.0,142.0,40.0,0.0
2874.0,214.0,153.0,156.0,70.0,1.0
2871.0,101.0,106.0,115.0,40.0,0.0
2870.0,134.0,109.0,142.0,45.0,2.0
2867.0,41.0,40.0,318.0,45.0,0.0
2865.0,389.0,237.0,123.0,85.0,9.0
2863.0,194.0,144.0,182.0,50.0,14.0
2863.0,56.0,65.0,106.0,35.0,0.0
2862.0,141.0,171.0,177.0,85.0,0.0
2852.0,45.0,46.0,47.0,25.0,0.0
2849.0,216.0,165.0,117.0,75.0,0.0
2849.0,49.0,121.0,102.0,70.0,0.0
2848.0,104.0,119.0,64.0,5.0,0.0
2847.0,89.0,70.0,82.0,75.0,1.0
2846.0,135.0,120.0,159.0,55.0,0.0
2845.0,115.0,186.0,232.0,60.0,0.0
2842.0,139.0,100.0,160.0,35.0,0.0
2839.0,38.0,33.0,56.0,40.0,0.0
2838.0,27.0,23.0,15.0,15.0,0.0
2837.0,70.0,77.0,222.0,60.0,0.0
2836.0,35.0,59.0,82.0,75.0,0.0
2834.0,85.0,86.0,80.0,50.0,0.0
2833.0,46.0,39.0,33.0,25.0,0.0
2832.0,103.0,80.0,169.0,30.0,0.0
2830.0,62.0,115.0,264.0,35.0,5.0
2829.0,49.0,34.0,72.0,25.0,0.0
2828.0,88.0,157.0,166.0,60.0,0.0
2827.0,32.0,29.0,31.0,75.0,0.0
2825.0,112.0,89.0,109.0,40.0,0.0
2825.0,89.0,164.0,126.0,45.0,0.0
2823.0,69.0,158.0,137.0,60.0,0.0
2820.0,37.0,30.0,236.0,55.0,1.0
2819.0,120.0,76.0,118.0,45.0,8.0
2819.0,68.0,107.0,257.0,60.0,0.0
2819.0,359.0,172.0,94.0,65.0,26.0
2816.0,70.0,72.0,244.0,60.0,0.0
2816.0,146.0,171.0,179.0,65.0,0.0
2815.0,35.0,45.0,155.0,35.0,0.0
2814.0,102.0,80.0,108.0,90.0,5.0
2813.0,86.0,97.0,150.0,40.0,0.0
2809.0,169.0,145.0,66.0,40.0,0.0
2804.0,93.0,78.0,201.0,55.0,0.0
2801.0,111.0,102.0,139.0,65.0,0.0
2801.0,78.0,91.0,152.0,70.0,38.0
2798.0,78.0,98.0,237.0,60.0,0.0
2794.0,78.0,88.0,227.0,45.0,0.0
2791.0,87.0,82.0,119.0,45.0,0.0
2786.0,73.0,83.0,103.0,35.0,12.0
2785.0,138.0,128.0,135.0,55.0,0.0
2784.0,90.0,146.0,176.0,10.0,21.0
2781.0,103.0,126.0,177.0,60.0,0.0
2780.0,104.0,95.0,158.0,45.0,0.0
2779.0,50.0,47.0,24.0,35.0,0.0
2776.0,133.0,145.0,69.0,50.0,0.0
2776.0,146.0,131.0,168.0,40.0,5.0
2775.0,83.0,90.0,243.0,15.0,0.0
2773.0,75.0,94.0,235.0,55.0,2.0
2772.0,47.0,41.0,152.0,55.0,0.0
2770.0,135.0,123.0,132.0,35.0,0.0
2769.0,30.0,17.0,22.0,65.0,0.0
2769.0,31.0,40.0,317.0,50.0,4.0
2769.0,30.0,28.0,49.0,65.0,1.0
2769.0,42.0,38.0,36.0,70.0,0.0
2768.0,109.0,116.0,251.0,50.0,0.0
2768.0,96.0,87.0,114.0,65.0,0.0
2767.0,52.0,65.0,97.0,90.0,0.0
2766.0,41.0,35.0,43.0,55.0,0.0
2766.0,167.0,122.0,132.0,45.0,16.0
2765.0,142.0,176.0,91.0,50.0,0.0
2764.0,56.0,59.0,106.0,75.0,1.0
2764.0,142.0,162.0,193.0,60.0,0.0
2763.0,160.0,206.0,227.0,50.0,0.0
2762.0,33.0,28.0,57.0,15.0,1.0
2759.0,89.0,102.0,123.0,40.0,0.0
2758.0,168.0,108.0,130.0,30.0,0.0
2758.0,49.0,65.0,260.0,35.0,0.0
2758.0,254.0,190.0,177.0,70.0,6.0
2757.0,75.0,75.0,220.0,45.0,0.0
2757.0,57.0,119.0,165.0,45.0,0.0
2755.0,141.0,168.0,219.0,80.0,0.0
2753.0,194.0,147.0,154.0,55.0,0.0
2752.0,82.0,112.0,98.0,45.0,0.0
2750.0,114.0,94.0,103.0,40.0,0.0
2750.0,127.0,96.0,124.0,50.0,0.0
2750.0,52.0,45.0,73.0,60.0,0.0
2749.0,88.0,86.0,126.0,90.0,0.0
2749.0,67.0,50.0,65.0,60.0,1.0
2749.0,22.0,23.0,32.0,60.0,0.0
2748.0,58.0,46.0,62.0,30.0,0.0
2745.0,63.0,56.0,52.0,45.0,0.0
2744.0,24.0,28.0,149.0,45.0,0.0
2744.0,102.0,132.0,190.0,55.0,0.0
2744.0,46.0,55.0,204.0,20.0,0.0
2742.0,62.0,70.0,193.0,50.0,0.0
2742.0,120.0,88.0,109.0,60.0,0.0
2741.0,27.0,34.0,48.0,75.0,0.0
2740.0,69.0,75.0,305.0,45.0,0.0
2739.0,37.0,75.0,65.0,55.0,0.0
2738.0,66.0,59.0,152.0,85.0,1.0
2738.0,40.0,48.0,80.0,90.0,0.0
2737.0,88.0,76.0,260.0,60.0,0.0
2736.0,129.0,109.0,155.0,55.0,0.0
2735.0,272.0,188.0,130.0,60.0,5.0
2733.0,41.0,55.0,274.0,55.0,8.0
2732.0,65.0,92.0,102.0,60.0,0.0
2732.0,177.0,158.0,165.0,80.0,0.0
2731.0,66.0,151.0,216.0,55.0,0.0
2731.0,76.0,71.0,25.0,80.0,0.0
2730.0,67.0,62.0,172.0,0.0,0.0
2729.0,58.0,76.0,196.0,40.0,0.0
2728.0,206.0,174.0,198.0,80.0,3.0
2728.0,61.0,86.0,314.0,30.0,7.0
2726.0,87.0,112.0,125.0,70.0,0.0
2725.0,119.0,82.0,199.0,45.0,1.0
2724.0,82.0,119.0,241.0,65.0,0.0
2724.0,178.0,143.0,267.0,75.0,0.0
2723.0,64.0,44.0,47.0,75.0,0.0
2723.0,95.0,167.0,74.0,20.0,0.0
2722.0,8.0,10.0,7.0,25.0,0.0
2720.0,139.0,111.0,124.0,85.0,0.0
2720.0,60.0,52.0,64.0,75.0,0.0
2719.0,136.0,161.0,130.0,75.0,0.0
2719.0,52.0,87.0,260.0,65.0,0.0
2718.0,27.0,18.0,14.0,85.0,0.0
2716.0,133.0,140.0,117.0,20.0,3.0
2715.0,107.0,72.0,72.0,30.0,6.0
2715.0,30.0,39.0,391.0,25.0,7.0
2715.0,52.0,67.0,186.0,45.0,0.0
2714.0,136.0,138.0,147.0,40.0,3.0
2712.0,105.0,72.0,68.0,25.0,0.0
2711.0,32.0,31.0,47.0,40.0,7.0
2709.0,229.0,168.0,122.0,30.0,13.0
2708.0,133.0,127.0,164.0,65.0,0.0
2707.0,41.0,34.0,35.0,25.0,0.0
2705.0,131.0,139.0,109.0,50.0,0.0
2705.0,44.0,40.0,51.0,60.0,0.0
2705.0,17.0,28.0,53.0,10.0,0.0
2703.0,26.0,35.0,40.0,15.0,0.0
2702.0,64.0,71.0,239.0,65.0,0.0
2701.0,46.0,50.0,193.0,20.0,0.0
2700.0,221.0,173.0,190.0,85.0,0.0
2700.0,106.0,185.0,157.0,80.0,0.0
2700.0,14.0,24.0,137.0,60.0,2.0
2698.0,62.0,67.0,122.0,60.0,0.0
2697.0,50.0,65.0,85.0,5.0,0.0
2697.0,4.0,0.0,0.0,20.0,0.0
2696.0,79.0,54.0,127.0,30.0,0.0
2696.0,107.0,103.0,137.0,35.0,0.0
2696.0,62.0,52.0,16.0,65.0,0.0
2695.0,49.0,55.0,302.0,15.0,0.0
2695.0,23.0,41.0,75.0,70.0,0.0
2693.0,53.0,63.0,88.0,50.0,0.0
2692.0,112.0,171.0,101.0,50.0,0.0
2692.0,42.0,36.0,258.0,45.0,8.0
2692.0,67.0,82.0,109.0,70.0,0.0
2691.0,162.0,121.0,70.0,60.0,0.0
2691.0,97.0,77.0,82.0,55.0,0.0
2690.0,37.0,50.0,49.0,65.0,0.0
2689.0,99.0,84.0,134.0,35.0,0.0
2688.0,87.0,134.0,93.0,50.0,0.0
2688.0,35.0,23.0,98.0,60.0,8.0
2687.0,31.0,30.0,159.0,20.0,0.0
2686.0,81.0,63.0,114.0,25.0,3.0
2686.0,60.0,62.0,118.0,10.0,0.0
2685.0,30.0,21.0,20.0,70.0,0.0
2685.0,88.0,104.0,106.0,45.0,0.0
2683.0,133.0,133.0,165.0,55.0,0.0
2683.0,73.0,46.0,55.0,55.0,0.0
2682.0,51.0,60.0,55.0,55.0,0.0
2682.0,40.0,72.0,177.0,5.0,0.0
2681.0,58.0,57.0,39.0,25.0,0.0
2679.0,31.0,44.0,110.0,20.0,0.0
2679.0,80.0,70.0,56.0,10.0,8.0
2678.0,86.0,81.0,162.0,40.0,12.0
2678.0,91.0,79.0,32.0,60.0,0.0
2677.0,191.0,140.0,95.0,30.0,0.0
2674.0,74.0,118.0,48.0,60.0,0.0
2673.0,91.0,217.0,114.0,90.0,0.0
2672.0,73.0,72.0,90.0,75.0,0.0
2671.0,104.0,73.0,95.0,45.0,2.0
2671.0,31.0,62.0,25.0,35.0,0.0
2671.0,45.0,47.0,264.0,30.0,0.0
2671.0,34.0,113.0,154.0,45.0,0.0
2671.0,30.0,30.0,200.0,35.0,4.0
2671.0,155.0,121.0,298.0,30.0,0.0
2669.0,262.0,148.0,45.0,55.0,0.0
2667.0,106.0,107.0,133.0,35.0,0.0
2666.0,273.0,192.0,223.0,65.0,0.0
2665.0,178.0,150.0,222.0,70.0,5.0
2665.0,142.0,177.0,184.0,80.0,0.0
2665.0,86.0,91.0,80.0,10.0,0.0
2665.0,209.0,204.0,113.0,80.0,0.0
2664.0,149.0,191.0,164.0,40.0,0.0
2662.0,40.0,33.0,46.0,70.0,0.0
2660.0,46.0,177.0,196.0,70.0,0.0
2660.0,131.0,125.0,110.0,65.0,0.0
2659.0,23.0,40.0,114.0,55.0,0.0
2659.0,60.0,79.0,93.0,35.0,0.0
2659.0,55.0,58.0,245.0,15.0,0.0
2659.0,93.0,74.0,192.0,55.0,6.0
2658.0,45.0,66.0,425.0,45.0,1.0
2656.0,55.0,81.0,556.0,80.0,0.0
2655.0,80.0,130.0,67.0,30.0,0.0
2655.0,115.0,164.0,96.0,15.0,0.0
2655.0,90.0,109.0,240.0,40.0,0.0
2654.0,27.0,24.0,13.0,70.0,0.0
2654.0,57.0,70.0,136.0,30.0,2.0
2654.0,42.0,45.0,22.0,50.0,0.0
2653.0,59.0,52.0,36.0,45.0,0.0
2653.0,99.0,115.0,212.0,50.0,5.0
2653.0,82.0,50.0,60.0,45.0,0.0
2653.0,157.0,128.0,106.0,70.0,0.0
2652.0,127.0,108.0,142.0,50.0,0.0
2650.0,76.0,53.0,41.0,55.0,0.0
2649.0,129.0,117.0,126.0,75.0,0.0
2647.0,62.0,92.0,201.0,45.0,0.0
2647.0,114.0,130.0,149.0,60.0,1.0
2646.0,44.0,61.0,174.0,45.0,0.0
2645.0,113.0,98.0,129.0,40.0,0.0
2644.0,64.0,50.0,102.0,70.0,11.0
2644.0,23.0,33.0,153.0,60.0,0.0
2644.0,232.0,190.0,40.0,80.0,0.0
2644.0,85.0,82.0,69.0,45.0,0.0
2643.0,47.0,62.0,36.0,45.0,3.0
2642.0,91.0,89.0,78.0,20.0,0.0
2641.0,132.0,80.0,191.0,30.0,0.0
2641.0,59.0,63.0,113.0,45.0,1.0
2640.0,22.0,50.0,52.0,50.0,0.0
2639.0,65.0,65.0,104.0,45.0,1.0
2638.0,80.0,55.0,54.0,75.0,0.0
2637.0,45.0,46.0,195.0,45.0,0.0
2637.0,58.0,69.0,222.0,70.0,0.0
2637.0,36.0,28.0,31.0,65.0,0.0
2637.0,4.0,13.0,11.0,15.0,0.0
2636.0,90.0,66.0,62.0,85.0,0.0
2635.0,137.0,91.0,112.0,30.0,0.0
2635.0,213.0,166.0,204.0,70.0,0.0
2635.0,79.0,80.0,76.0,85.0,0.0
2634.0,89.0,71.0,57.0,35.0,0.0
2634.0,54.0,44.0,21.0,45.0,0.0
2633.0,74.0,99.0,210.0,50.0,0.0
2633.0,20.0,27.0,185.0,30.0,1.0
2633.0,65.0,98.0,72.0,80.0,0.0
2633.0,138.0,92.0,155.0,10.0,0.0
2633.0,46.0,71.0,42.0,30.0,0.0
2633.0,63.0,184.0,170.0,50.0,23.0
2632.0,140.0,133.0,219.0,60.0,2.0
2631.0,72.0,65.0,101.0,60.0,0.0
2631.0,20.0,9.0,17.0,50.0,0.0
2630.0,117.0,145.0,162.0,95.0,0.0
2630.0,13.0,28.0,242.0,20.0,0.0
2630.0,239.0,145.0,109.0,45.0,15.0
2629.0,24.0,43.0,69.0,30.0,0.0
2628.0,45.0,48.0,220.0,50.0,1.0
2628.0,40.0,39.0,38.0,65.0,0.0
2628.0,241.0,169.0,109.0,45.0,5.0
2628.0,100.0,104.0,100.0,55.0,0.0
2627.0,126.0,107.0,75.0,15.0,0.0
2626.0,60.0,90.0,65.0,50.0,0.0
2626.0,82.0,104.0,86.0,40.0,0.0
2625.0,25.0,30.0,29.0,60.0,0.0
2624.0,65.0,84.0,165.0,70.0,0.0
2623.0,344.0,158.0,161.0,80.0,20.0
2622.0,56.0,61.0,109.0,65.0,19.0
2622.0,74.0,61.0,176.0,40.0,0.0
2622.0,233.0,153.0,149.0,50.0,12.0
2621.0,150.0,82.0,79.0,80.0,0.0
2621.0,49.0,116.0,97.0,50.0,0.0
2621.0,271.0,186.0,132.0,85.0,0.0
2620.0,26.0,21.0,18.0,60.0,0.0
2620.0,79.0,77.0,100.0,35.0,6.0
2620.0,146.0,140.0,121.0,60.0,0.0
2619.0,70.0,95.0,88.0,10.0,0.0
2618.0,303.0,182.0,168.0,60.0,0.0
2618.0,82.0,88.0,55.0,55.0,0.0
2618.0,156.0,150.0,129.0,50.0,0.0
2618.0,75.0,72.0,67.0,15.0,0.0
2617.0,32.0,51.0,26.0,10.0,0.0
2617.0,21.0,35.0,212.0,35.0,3.0
2617.0,216.0,169.0,123.0,10.0,0.0
2617.0,157.0,125.0,135.0,70.0,0.0
2617.0,54.0,68.0,102.0,25.0,1.0
2616.0,92.0,66.0,76.0,55.0,0.0
2616.0,50.0,75.0,199.0,55.0,0.0
2614.0,31.0,22.0,14.0,65.0,0.0
2614.0,99.0,75.0,72.0,60.0,0.0
2614.0,125.0,132.0,162.0,50.0,0.0
2613.0,51.0,47.0,71.0,55.0,14.0
2613.0,226.0,143.0,74.0,0.0,1.0
2612.0,79.0,82.0,149.0,20.0,1.0
2612.0,79.0,90.0,168.0,75.0,28.0
2611.0,38.0,44.0,54.0,20.0,0.0
2611.0,110.0,189.0,113.0,80.0,0.0
2611.0,135.0,113.0,131.0,45.0,3.0
2611.0,28.0,27.0,199.0,60.0,3.0
2610.0,26.0,41.0,281.0,75.0,0.0
2610.0,57.0,59.0,235.0,55.0,0.0
2609.0,199.0,171.0,113.0,70.0,0.0
2609.0,186.0,143.0,134.0,55.0,0.0
2608.0,117.0,98.0,89.0,55.0,0.0
2607.0,24.0,42.0,203.0,45.0,0.0
2607.0,186.0,113.0,63.0,40.0,0.0
2606.0,34.0,67.0,178.0,70.0,0.0
2605.0,130.0,92.0,110.0,90.0,6.0
2604.0,112.0,137.0,249.0,85.0,0.0
2603.0,40.0,83.0,108.0,10.0,0.0
2603.0,15.0,13.0,253.0,35.0,9.0
2603.0,31.0,33.0,23.0,35.0,0.0
2602.0,242.0,177.0,136.0,75.0,0.0
2602.0,90.0,106.0,64.0,40.0,0.0
2601.0,169.0,166.0,125.0,80.0,2.0
2601.0,55.0,47.0,168.0,70.0,0.0
2600.0,113.0,158.0,192.0,80.0,0.0
2599.0,262.0,237.0,150.0,100.0,1.0
2599.0,69.0,158.0,123.0,40.0,0.0
2599.0,54.0,42.0,44.0,60.0,0.0
2598.0,3.0,6.0,9.0,5.0,0.0
2598.0,39.0,31.0,32.0,5.0,0.0
2598.0,122.0,166.0,133.0,50.0,0.0
2597.0,65.0,56.0,164.0,70.0,0.0
2597.0,159.0,122.0,131.0,65.0,0.0
2596.0,321.0,213.0,131.0,70.0,0.0
2594.0,81.0,89.0,104.0,35.0,0.0
2593.0,104.0,111.0,74.0,30.0,0.0
2593.0,88.0,82.0,165.0,75.0,3.0
2592.0,144.0,181.0,90.0,30.0,0.0
2592.0,47.0,36.0,30.0,60.0,0.0
2592.0,70.0,90.0,37.0,45.0,0.0
2592.0,87.0,128.0,203.0,55.0,0.0
2592.0,63.0,41.0,46.0,40.0,0.0
2590.0,213.0,175.0,140.0,75.0,6.0
2588.0,161.0,107.0,38.0,45.0,0.0
2588.0,129.0,111.0,215.0,75.0,22.0
2588.0,314.0,212.0,154.0,65.0,10.0
2588.0,55.0,53.0,23.0,40.0,0.0
2588.0,157.0,122.0,116.0,35.0,23.0
2586.0,154.0,153.0,101.0,25.0,0.0
2586.0,67.0,80.0,173.0,75.0,1.0
2585.0,53.0,55.0,192.0,15.0,0.0
2585.0,144.0,90.0,137.0,50.0,0.0
2585.0,176.0,148.0,88.0,40.0,0.0
2584.0,91.0,79.0,129.0,10.0,16.0
2584.0,85.0,73.0,76.0,60.0,13.0
2584.0,85.0,63.0,152.0,45.0,5.0
2584.0,61.0,50.0,73.0,30.0,0.0
2584.0,156.0,135.0,221.0,65.0,0.0
2584.0,110.0,99.0,235.0,55.0,4.0
2583.0,50.0,46.0,251.0,50.0,0.0
2583.0,278.0,178.0,179.0,60.0,0.0
2581.0,23.0,31.0,41.0,15.0,10.0
2581.0,76.0,87.0,38.0,80.0,0.0
2580.0,59.0,62.0,167.0,45.0,8.0
2580.0,65.0,129.0,321.0,70.0,0.0
2579.0,214.0,215.0,286.0,95.0,10.0
2579.0,82.0,58.0,100.0,55.0,0.0
2579.0,86.0,69.0,41.0,45.0,0.0
2578.0,118.0,102.0,116.0,65.0,18.0
2578.0,61.0,30.0,88.0,70.0,8.0
2578.0,130.0,84.0,65.0,35.0,4.0
2578.0,94.0,116.0,95.0,55.0,0.0
2578.0,74.0,51.0,212.0,25.0,17.0
2577.0,200.0,143.0,143.0,50.0,8.0
2576.0,82.0,74.0,46.0,60.0,0.0
2576.0,259.0,176.0,137.0,75.0,8.0
2574.0,112.0,123.0,94.0,85.0,0.0
2574.0,251.0,159.0,87.0,65.0,8.0
2573.0,96.0,67.0,76.0,75.0,0.0
2573.0,110.0,61.0,35.0,40.0,0.0
2572.0,108.0,111.0,157.0,35.0,0.0
2571.0,32.0,28.0,21.0,40.0,0.0
2571.0,152.0,150.0,121.0,55.0,20.0
2571.0,156.0,122.0,75.0,40.0,0.0
2570.0,123.0,130.0,218.0,35.0,4.0
2570.0,16.0,24.0,31.0,50.0,0.0
2570.0,37.0,30.0,21.0,90.0,0.0
2570.0,237.0,152.0,93.0,90.0,16.0
2570.0,75.0,83.0,210.0,50.0,0.0
2569.0,113.0,105.0,45.0,75.0,0.0
2569.0,145.0,108.0,153.0,65.0,15.0
2569.0,71.0,76.0,121.0,30.0,0.0
2568.0,71.0,69.0,229.0,40.0,0.0
2567.0,102.0,92.0,73.0,75.0,0.0
2567.0,60.0,83.0,55.0,70.0,0.0
2567.0,572.0,165.0,53.0,65.0,0.0
2566.0,35.0,29.0,51.0,30.0,0.0
2566.0,11.0,10.0,59.0,30.0,0.0
2566.0,137.0,106.0,82.0,65.0,0.0
2566.0,33.0,40.0,235.0,55.0,0.0
2565.0,157.0,112.0,153.0,60.0,0.0
2564.0,30.0,24.0,22.0,30.0,0.0
2564.0,137.0,88.0,59.0,90.0,0.0
2564.0,85.0,77.0,78.0,60.0,0.0
2563.0,53.0,38.0,70.0,15.0,0.0
2563.0,71.0,92.0,149.0,90.0,2.0
2563.0,139.0,139.0,77.0,60.0,0.0
2563.0,172.0,135.0,99.0,85.0,1.0
2563.0,47.0,40.0,25.0,45.0,0.0
2562.0,59.0,62.0,82.0,10.0,0.0
2561.0,62.0,115.0,68.0,30.0,0.0
2561.0,264.0,168.0,103.0,45.0,7.0
2561.0,39.0,64.0,83.0,85.0,0.0
2560.0,138.0,118.0,129.0,10.0,2.0
2560.0,43.0,34.0,31.0,30.0,0.0
2559.0,51.0,61.0,279.0,60.0,8.0
2559.0,89.0,72.0,172.0,60.0,0.0
2558.0,124.0,123.0,162.0,45.0,12.0
2558.0,121.0,141.0,154.0,40.0,19.0
2558.0,51.0,52.0,32.0,70.0,0.0
2556.0,62.0,56.0,45.0,15.0,0.0
2556.0,113.0,95.0,61.0,35.0,0.0
2556.0,68.0,63.0,171.0,50.0,0.0
2556.0,16.0,15.0,26.0,80.0,0.0
2555.0,49.0,94.0,170.0,60.0,0.0
2555.0,91.0,208.0,321.0,70.0,0.0
2554.0,86.0,73.0,93.0,75.0,0.0
2554.0,78.0,82.0,185.0,50.0,0.0
2554.0,91.0,112.0,222.0,25.0,44.0
2553.0,45.0,45.0,282.0,30.0,0.0
2551.0,99.0,99.0,75.0,30.0,0.0
2550.0,93.0,68.0,93.0,65.0,0.0
2550.0,149.0,180.0,97.0,50.0,0.0
2550.0,75.0,148.0,257.0,15.0,0.0
2549.0,62.0,54.0,45.0,40.0,0.0
2548.0,152.0,184.0,159.0,25.0,5.0
2547.0,52.0,37.0,16.0,75.0,0.0
2545.0,104.0,79.0,53.0,30.0,0.0
2545.0,184.0,132.0,199.0,50.0,0.0
2545.0,219.0,133.0,112.0,50.0,0.0
2544.0,235.0,192.0,170.0,95.0,7.0
2544.0,42.0,31.0,217.0,70.0,7.0
2543.0,17.0,12.0,47.0,50.0,1.0
2541.0,87.0,83.0,179.0,65.0,2.0
2540.0,164.0,154.0,95.0,60.0,0.0
2540.0,71.0,68.0,88.0,60.0,0.0
2539.0,71.0,59.0,286.0,45.0,0.0
2539.0,280.0,195.0,156.0,95.0,4.0
2539.0,88.0,124.0,73.0,55.0,0.0
2538.0,60.0,80.0,185.0,70.0,0.0
2537.0,94.0,52.0,93.0,40.0,0.0
2537.0,88.0,76.0,68.0,50.0,0.0
2536.0,242.0,184.0,105.0,40.0,0.0
2535.0,113.0,105.0,258.0,75.0,0.0
2535.0,85.0,73.0,138.0,60.0,0.0
2535.0,89.0,71.0,36.0,60.0,0.0
2535.0,149.0,100.0,183.0,40.0,0.0
2535.0,23.0,44.0,152.0,55.0,0.0
2534.0,131.0,67.0,23.0,40.0,0.0
2534.0,67.0,70.0,191.0,60.0,3.0
2533.0,14.0,17.0,22.0,30.0,0.0
2533.0,12.0,13.0,15.0,65.0,0.0
2533.0,121.0,158.0,300.0,80.0,9.0
2533.0,105.0,56.0,30.0,60.0,0.0
2532.0,65.0,54.0,54.0,45.0,8.0
2532.0,64.0,73.0,221.0,40.0,2.0
2532.0,237.0,121.0,151.0,70.0,0.0
2531.0,435.0,80.0,77.0,80.0,0.0
2531.0,43.0,87.0,262.0,30.0,0.0
2531.0,26.0,52.0,127.0,50.0,2.0
2531.0,28.0,33.0,51.0,60.0,0.0
2531.0,21.0,16.0,124.0,15.0,1.0
2531.0,25.0,60.0,190.0,50.0,0.0
2531.0,87.0,96.0,135.0,40.0,0.0
2530.0,64.0,67.0,96.0,50.0,0.0
2530.0,15.0,24.0,53.0,45.0,0.0
2528.0,84.0,49.0,10.0,50.0,0.0
2527.0,42.0,39.0,74.0,20.0,0.0
2527.0,142.0,108.0,139.0,15.0,0.0
2527.0,73.0,72.0,52.0,60.0,0.0
2527.0,121.0,87.0,80.0,10.0,10.0
2526.0,306.0,171.0,101.0,95.0,0.0
2525.0,12.0,15.0,10.0,50.0,0.0
2525.0,55.0,72.0,155.0,60.0,0.0
2525.0,72.0,119.0,153.0,60.0,0.0
2525.0,144.0,112.0,99.0,35.0,11.0
2525.0,106.0,101.0,102.0,45.0,0.0
2523.0,39.0,20.0,8.0,70.0,0.0
2523.0,99.0,85.0,90.0,55.0,0.0
2523.0,55.0,49.0,31.0,60.0,0.0
2523.0,43.0,84.0,69.0,35.0,0.0
2523.0,56.0,53.0,25.0,70.0,0.0
2522.0,61.0,67.0,108.0,70.0,5.0
2521.0,79.0,36.0,20.0,65.0,0.0
2521.0,48.0,55.0,80.0,50.0,2.0
2521.0,36.0,53.0,35.0,40.0,0.0
2521.0,122.0,105.0,110.0,45.0,1.0
2521.0,59.0,83.0,118.0,55.0,7.0
2520.0,148.0,104.0,28.0,50.0,3.0
2519.0,286.0,168.0,106.0,75.0,0.0
2518.0,61.0,56.0,53.0,90.0,0.0
2517.0,167.0,128.0,108.0,80.0,1.0
2517.0,113.0,120.0,165.0,70.0,5.0
2516.0,181.0,124.0,87.0,45.0,0.0
2516.0,91.0,100.0,199.0,45.0,0.0
2515.0,77.0,87.0,80.0,55.0,7.0
2515.0,80.0,89.0,118.0,70.0,0.0
2515.0,114.0,150.0,101.0,35.0,0.0
2514.0,106.0,124.0,80.0,70.0,0.0
2513.0,170.0,131.0,142.0,90.0,0.0
2513.0,95.0,93.0,141.0,40.0,0.0
2513.0,189.0,133.0,177.0,65.0,0.0
2512.0,58.0,65.0,99.0,10.0,16.0
2512.0,127.0,227.0,154.0,60.0,0.0
2511.0,68.0,104.0,94.0,75.0,3.0
2510.0,156.0,138.0,87.0,50.0,0.0
2509.0,15.0,24.0,28.0,55.0,0.0
2508.0,61.0,70.0,184.0,45.0,0.0
2508.0,29.0,26.0,29.0,40.0,0.0
2508.0,39.0,43.0,232.0,40.0,0.0
2508.0,14.0,71.0,272.0,75.0,0.0
2508.0,104.0,111.0,153.0,40.0,4.0
2507.0,59.0,60.0,59.0,50.0,0.0
2507.0,84.0,105.0,185.0,85.0,13.0
2507.0,153.0,188.0,108.0,45.0,0.0
2506.0,144.0,100.0,101.0,75.0,0.0
2506.0,66.0,74.0,205.0,60.0,0.0
2506.0,42.0,79.0,77.0,70.0,0.0
2505.0,29.0,41.0,67.0,65.0,0.0
2505.0,73.0,57.0,9.0,30.0,0.0
2505.0,101.0,81.0,45.0,70.0,0.0
2505.0,176.0,168.0,50.0,75.0,0.0
2504.0,91.0,70.0,196.0,55.0,0.0
2503.0,155.0,142.0,110.0,50.0,0.0
2503.0,51.0,32.0,140.0,60.0,0.0
2502.0,183.0,152.0,115.0,45.0,0.0
2502.0,46.0,114.0,87.0,45.0,0.0
2501.0,188.0,116.0,63.0,65.0,0.0
2501.0,204.0,187.0,163.0,55.0,0.0
2500.0,156.0,126.0,130.0,75.0,0.0
2500.0,84.0,63.0,56.0,25.0,0.0
2500.0,96.0,104.0,149.0,35.0,2.0
2499.0,82.0,107.0,238.0,55.0,2.0
2499.0,164.0,142.0,163.0,75.0,0.0
2499.0,100.0,93.0,105.0,65.0,1.0
2499.0,105.0,74.0,71.0,40.0,5.0
2499.0,275.0,134.0,60.0,50.0,3.0
2499.0,85.0,125.0,210.0,60.0,5.0
2498.0,144.0,89.0,42.0,25.0,10.0
2498.0,71.0,84.0,178.0,55.0,3.0
2497.0,64.0,65.0,31.0,60.0,0.0
2497.0,168.0,124.0,141.0,55.0,0.0
2496.0,29.0,68.0,60.0,40.0,0.0
2496.0,64.0,79.0,274.0,45.0,0.0
2495.0,137.0,125.0,172.0,40.0,1.0
2494.0,60.0,54.0,28.0,30.0,0.0
2494.0,154.0,188.0,160.0,40.0,0.0
2493.0,106.0,136.0,158.0,45.0,0.0
2493.0,15.0,9.0,7.0,25.0,0.0
2493.0,93.0,94.0,93.0,85.0,0.0
2493.0,583.0,369.0,43.0,100.0,21.0
2492.0,64.0,92.0,79.0,50.0,3.0
2492.0,22.0,17.0,14.0,15.0,0.0
2492.0,32.0,32.0,37.0,55.0,0.0
2491.0,196.0,156.0,117.0,55.0,0.0
2490.0,151.0,100.0,111.0,55.0,8.0
2489.0,104.0,124.0,159.0,70.0,0.0
2489.0,169.0,155.0,138.0,70.0,0.0
2489.0,34.0,23.0,13.0,50.0,0.0
2489.0,64.0,74.0,203.0,35.0,0.0
2488.0,259.0,168.0,113.0,55.0,0.0
2488.0,40.0,24.0,12.0,25.0,0.0
2488.0,46.0,43.0,48.0,25.0,0.0
2487.0,150.0,112.0,68.0,80.0,11.0
2487.0,69.0,53.0,77.0,30.0,0.0
2487.0,51.0,37.0,37.0,65.0,1.0
2487.0,90.0,71.0,77.0,35.0,0.0
2487.0,292.0,191.0,51.0,65.0,0.0
2486.0,22.0,17.0,11.0,25.0,25.0
2486.0,19.0,17.0,24.0,35.0,0.0
2485.0,99.0,176.0,160.0,55.0,0.0
2485.0,73.0,64.0,84.0,65.0,0.0
2485.0,50.0,54.0,52.0,45.0,0.0
2484.0,122.0,107.0,79.0,60.0,0.0
2484.0,107.0,92.0,48.0,70.0,5.0
2484.0,27.0,36.0,41.0,30.0,0.0
2483.0,122.0,104.0,124.0,70.0,0.0
2483.0,49.0,53.0,62.0,20.0,0.0
2482.0,95.0,131.0,130.0,55.0,7.0
2482.0,121.0,204.0,177.0,50.0,0.0
2482.0,181.0,147.0,147.0,65.0,11.0
2481.0,71.0,84.0,60.0,65.0,0.0
2481.0,55.0,94.0,122.0,45.0,0.0
2481.0,101.0,77.0,66.0,25.0,0.0
2481.0,220.0,240.0,144.0,80.0,0.0
2480.0,200.0,217.0,6.0,75.0,21.0
2480.0,43.0,68.0,45.0,50.0,0.0
2480.0,83.0,83.0,291.0,50.0,5.0
2479.0,77.0,105.0,33.0,45.0,0.0
2479.0,68.0,98.0,113.0,55.0,3.0
2478.0,15.0,19.0,20.0,40.0,0.0
2478.0,56.0,44.0,27.0,35.0,0.0
2478.0,107.0,126.0,101.0,45.0,0.0
2477.0,100.0,87.0,114.0,60.0,7.0
2477.0,16.0,23.0,46.0,80.0,0.0
2477.0,51.0,82.0,68.0,20.0,0.0
2477.0,62.0,57.0,18.0,55.0,0.0
2477.0,59.0,56.0,43.0,50.0,0.0
2476.0,71.0,84.0,145.0,50.0,0.0
2476.0,37.0,66.0,28.0,25.0,0.0
2475.0,85.0,151.0,123.0,75.0,13.0
2475.0,11.0,13.0,10.0,30.0,4.0
2475.0,98.0,173.0,140.0,60.0,0.0
2475.0,58.0,41.0,37.0,50.0,2.0
2474.0,179.0,181.0,101.0,50.0,4.0
2474.0,135.0,113.0,59.0,70.0,18.0
2474.0,52.0,78.0,126.0,20.0,0.0
2474.0,63.0,93.0,130.0,60.0,0.0
2474.0,94.0,121.0,144.0,0.0,0.0
2473.0,161.0,436.0,81.0,80.0,15.0
2473.0,86.0,72.0,47.0,10.0,7.0
2472.0,51.0,74.0,42.0,40.0,0.0
2472.0,80.0,77.0,60.0,65.0,0.0
2472.0,50.0,65.0,42.0,35.0,0.0
2471.0,67.0,69.0,213.0,15.0,0.0
2471.0,238.0,141.0,146.0,80.0,0.0
2471.0,23.0,38.0,24.0,35.0,0.0
2471.0,95.0,82.0,93.0,30.0,10.0
2471.0,41.0,24.0,64.0,60.0,0.0
2470.0,51.0,69.0,232.0,50.0,0.0
2470.0,171.0,114.0,120.0,55.0,0.0
2470.0,35.0,59.0,89.0,65.0,0.0
2469.0,39.0,42.0,336.0,60.0,6.0
2469.0,180.0,175.0,127.0,70.0,0.0
2469.0,269.0,174.0,105.0,90.0,2.0
2469.0,67.0,104.0,204.0,65.0,0.0
2469.0,19.0,12.0,9.0,80.0,0.0
2469.0,183.0,120.0,62.0,55.0,0.0
2469.0,120.0,117.0,125.0,75.0,13.0
2469.0,16.0,14.0,13.0,20.0,0.0
2469.0,54.0,25.0,7.0,35.0,0.0
2468.0,104.0,67.0,7.0,90.0,0.0
2468.0,172.0,105.0,40.0,50.0,2.0
2467.0,42.0,36.0,183.0,5.0,0.0
2467.0,85.0,80.0,190.0,60.0,0.0
2466.0,78.0,65.0,29.0,35.0,0.0
2466.0,34.0,65.0,38.0,65.0,0.0
2466.0,51.0,72.0,39.0,50.0,0.0
2464.0,74.0,55.0,29.0,40.0,0.0
2464.0,58.0,85.0,59.0,85.0,0.0
2464.0,158.0,122.0,136.0,45.0,22.0
2464.0,212.0,197.0,105.0,70.0,0.0
2464.0,149.0,114.0,93.0,45.0,4.0
2464.0,84.0,81.0,71.0,55.0,2.0
2464.0,73.0,78.0,189.0,20.0,4.0
2464.0,121.0,144.0,167.0,70.0,0.0
2463.0,28.0,52.0,146.0,45.0,3.0
2463.0,61.0,47.0,63.0,75.0,0.0
2463.0,112.0,114.0,194.0,50.0,1.0
2462.0,30.0,34.0,170.0,75.0,0.0
2462.0,61.0,70.0,48.0,40.0,0.0
2461.0,66.0,64.0,55.0,70.0,1.0
2461.0,114.0,83.0,57.0,50.0,0.0
2461.0,93.0,87.0,64.0,55.0,0.0
2461.0,107.0,109.0,109.0,45.0,0.0
2460.0,75.0,51.0,17.0,60.0,0.0
2460.0,17.0,18.0,25.0,50.0,0.0
2460.0,58.0,53.0,78.0,55.0,0.0
2459.0,31.0,69.0,91.0,40.0,0.0
2459.0,293.0,188.0,101.0,55.0,3.0
2459.0,77.0,65.0,65.0,15.0,0.0
2458.0,34.0,45.0,198.0,50.0,0.0
2458.0,27.0,18.0,14.0,70.0,0.0
2457.0,16.0,11.0,6.0,30.0,0.0
2457.0,105.0,81.0,97.0,80.0,0.0
2456.0,81.0,60.0,36.0,80.0,0.0
2456.0,65.0,56.0,21.0,100.0,0.0
2456.0,42.0,42.0,61.0,45.0,11.0
2455.0,182.0,158.0,181.0,60.0,0.0
2455.0,115.0,155.0,131.0,50.0,0.0
2454.0,198.0,177.0,97.0,15.0,1.0
2454.0,41.0,28.0,34.0,70.0,0.0
2454.0,268.0,123.0,62.0,35.0,0.0
2454.0,124.0,155.0,82.0,65.0,0.0
2453.0,185.0,135.0,144.0,45.0,1.0
2453.0,193.0,156.0,223.0,45.0,3.0
2453.0,139.0,122.0,103.0,70.0,0.0
2453.0,15.0,14.0,14.0,65.0,0.0
2453.0,79.0,49.0,86.0,60.0,0.0
2453.0,24.0,35.0,108.0,40.0,0.0
2452.0,42.0,51.0,248.0,30.0,0.0
2452.0,116.0,83.0,24.0,45.0,4.0
2452.0,73.0,64.0,56.0,65.0,0.0
2451.0,32.0,44.0,27.0,25.0,0.0
2451.0,94.0,81.0,142.0,80.0,0.0
2451.0,97.0,134.0,127.0,65.0,0.0
2451.0,58.0,65.0,85.0,75.0,0.0
2451.0,81.0,74.0,76.0,70.0,0.0
2451.0,74.0,50.0,44.0,55.0,0.0
2450.0,163.0,104.0,85.0,30.0,0.0
2450.0,116.0,114.0,159.0,45.0,0.0
2450.0,127.0,103.0,114.0,70.0,9.0
2449.0,90.0,103.0,129.0,55.0,0.0
2449.0,64.0,84.0,276.0,65.0,0.0
2449.0,109.0,158.0,164.0,65.0,0.0
2449.0,60.0,104.0,160.0,40.0,2.0
2448.0,37.0,27.0,104.0,50.0,0.0
2448.0,150.0,127.0,110.0,40.0,9.0
2448.0,291.0,151.0,51.0,60.0,0.0
2448.0,99.0,213.0,107.0,80.0,0.0
2448.0,218.0,155.0,162.0,60.0,0.0
2447.0,70.0,54.0,108.0,70.0,5.0
2447.0,60.0,69.0,68.0,30.0,0.0
2447.0,6.0,9.0,213.0,20.0,8.0
2447.0,130.0,113.0,119.0,45.0,0.0
2446.0,153.0,186.0,96.0,55.0,0.0
2446.0,49.0,84.0,197.0,50.0,7.0
2446.0,34.0,46.0,51.0,0.0,0.0
2446.0,72.0,118.0,94.0,35.0,0.0
2445.0,80.0,110.0,82.0,45.0,0.0
2445.0,74.0,60.0,64.0,55.0,5.0
2445.0,45.0,31.0,35.0,35.0,0.0
2445.0,147.0,125.0,41.0,50.0,0.0
2445.0,129.0,163.0,215.0,40.0,2.0
2445.0,68.0,61.0,251.0,75.0,0.0
2445.0,196.0,143.0,174.0,45.0,16.0
2444.0,118.0,125.0,61.0,75.0,0.0
2444.0,14.0,37.0,21.0,35.0,0.0
2444.0,67.0,66.0,111.0,50.0,0.0
2444.0,84.0,75.0,97.0,45.0,0.0
2444.0,78.0,43.0,24.0,60.0,0.0
2443.0,245.0,142.0,53.0,45.0,0.0
2443.0,237.0,186.0,179.0,30.0,10.0
2443.0,152.0,98.0,222.0,35.0,0.0
2443.0,147.0,115.0,57.0,45.0,0.0
2443.0,18.0,15.0,14.0,25.0,0.0
2443.0,60.0,49.0,270.0,65.0,11.0
2442.0,52.0,76.0,116.0,50.0,0.0
2441.0,29.0,117.0,162.0,65.0,0.0
2441.0,146.0,88.0,89.0,65.0,0.0
2441.0,121.0,69.0,53.0,50.0,2.0
2441.0,134.0,98.0,141.0,50.0,6.0
2440.0,100.0,90.0,178.0,60.0,2.0
2440.0,17.0,74.0,233.0,40.0,0.0
2440.0,102.0,168.0,86.0,20.0,0.0
2440.0,54.0,56.0,23.0,35.0,0.0
2440.0,202.0,139.0,61.0,50.0,0.0
2440.0,98.0,71.0,73.0,65.0,5.0
2440.0,91.0,88.0,247.0,55.0,1.0
2440.0,15.0,31.0,48.0,5.0,0.0
2440.0,145.0,114.0,157.0,25.0,3.0
2440.0,79.0,92.0,86.0,25.0,0.0
2440.0,188.0,112.0,41.0,70.0,0.0
2439.0,19.0,14.0,10.0,10.0,0.0
2438.0,126.0,117.0,45.0,65.0,0.0
2438.0,56.0,88.0,248.0,35.0,0.0
2438.0,58.0,75.0,57.0,10.0,0.0
2438.0,92.0,83.0,147.0,20.0,0.0
2438.0,34.0,22.0,21.0,55.0,1.0
2438.0,36.0,62.0,132.0,70.0,0.0
2438.0,32.0,63.0,192.0,70.0,3.0
2438.0,112.0,143.0,95.0,65.0,0.0
2437.0,119.0,97.0,109.0,55.0,0.0
2437.0,68.0,119.0,107.0,35.0,0.0
2437.0,101.0,133.0,180.0,35.0,0.0
2437.0,23.0,25.0,20.0,40.0,0.0
2436.0,23.0,33.0,150.0,35.0,0.0
2436.0,232.0,194.0,91.0,70.0,3.0
2436.0,46.0,59.0,65.0,50.0,0.0
2435.0,67.0,106.0,160.0,45.0,0.0
2435.0,53.0,93.0,313.0,25.0,0.0
2435.0,61.0,41.0,21.0,80.0,0.0
2435.0,57.0,48.0,17.0,30.0,0.0
2435.0,64.0,147.0,106.0,35.0,0.0
2435.0,150.0,145.0,128.0,15.0,22.0
2434.0,52.0,75.0,107.0,25.0,8.0
2434.0,241.0,223.0,110.0,65.0,0.0
2434.0,100.0,56.0,17.0,65.0,0.0
2434.0,40.0,64.0,328.0,75.0,0.0
2434.0,172.0,117.0,67.0,45.0,2.0
2434.0,69.0,101.0,121.0,50.0,0.0
2433.0,21.0,53.0,131.0,45.0,0.0
2433.0,0.0,0.0,0.0,0.0,0.0
2433.0,131.0,110.0,113.0,50.0,0.0
2433.0,117.0,103.0,201.0,75.0,0.0
2432.0,52.0,30.0,17.0,30.0,0.0
2432.0,43.0,39.0,114.0,50.0,0.0
2432.0,119.0,154.0,69.0,65.0,0.0
2432.0,51.0,23.0,7.0,50.0,0.0
2432.0,67.0,66.0,203.0,60.0,0.0
2431.0,108.0,75.0,73.0,50.0,0.0
2431.0,76.0,69.0,120.0,35.0,0.0
2431.0,91.0,74.0,64.0,40.0,1.0
2431.0,213.0,167.0,60.0,80.0,0.0
2431.0,219.0,201.0,109.0,80.0,0.0
2431.0,68.0,64.0,243.0,20.0,8.0
2431.0,40.0,70.0,69.0,40.0,0.0
2430.0,8.0,29.0,74.0,30.0,0.0
2430.0,160.0,124.0,147.0,45.0,3.0
2430.0,200.0,135.0,150.0,60.0,7.0
2430.0,79.0,98.0,176.0,40.0,0.0
2430.0,155.0,184.0,152.0,65.0,0.0
2430.0,73.0,85.0,61.0,70.0,0.0
2430.0,255.0,180.0,133.0,70.0,36.0
2429.0,40.0,110.0,208.0,50.0,2.0
2429.0,146.0,93.0,57.0,60.0,0.0
2429.0,32.0,69.0,212.0,65.0,1.0
2429.0,206.0,152.0,85.0,70.0,0.0
2429.0,29.0,40.0,388.0,25.0,4.0
2429.0,174.0,95.0,60.0,65.0,2.0
2429.0,308.0,223.0,61.0,35.0,0.0
2429.0,168.0,107.0,84.0,80.0,0.0
2428.0,494.0,343.0,54.0,75.0,0.0
2428.0,65.0,63.0,221.0,35.0,5.0
2428.0,76.0,57.0,78.0,65.0,5.0
2428.0,82.0,88.0,86.0,40.0,0.0
2428.0,31.0,94.0,91.0,50.0,0.0
2428.0,92.0,67.0,24.0,15.0,16.0
2428.0,109.0,68.0,16.0,70.0,0.0
2428.0,49.0,29.0,13.0,60.0,0.0
2427.0,101.0,207.0,110.0,30.0,0.0
2427.0,87.0,60.0,97.0,35.0,0.0
2427.0,171.0,133.0,55.0,55.0,0.0
2426.0,14.0,9.0,13.0,60.0,0.0
2426.0,187.0,127.0,70.0,45.0,0.0
2426.0,81.0,47.0,16.0,25.0,0.0
2426.0,86.0,95.0,179.0,30.0,0.0
2426.0,153.0,125.0,92.0,75.0,1.0
2426.0,94.0,175.0,132.0,40.0,0.0
2426.0,95.0,166.0,105.0,25.0,0.0
2426.0,231.0,151.0,110.0,35.0,0.0
2425.0,10.0,11.0,9.0,70.0,0.0
2425.0,344.0,230.0,59.0,25.0,13.0
2425.0,89.0,67.0,217.0,65.0,0.0
2425.0,224.0,183.0,35.0,70.0,0.0
2425.0,107.0,101.0,67.0,15.0,0.0
2425.0,180.0,150.0,84.0,50.0,0.0
2425.0,102.0,103.0,211.0,55.0,4.0
2424.0,102.0,92.0,136.0,70.0,0.0
2424.0,95.0,170.0,111.0,75.0,0.0
2424.0,64.0,82.0,69.0,55.0,0.0
2424.0,90.0,70.0,165.0,75.0,0.0
2424.0,73.0,105.0,172.0,40.0,4.0
2424.0,32.0,24.0,18.0,35.0,0.0
2424.0,68.0,54.0,161.0,25.0,0.0
2424.0,24.0,25.0,219.0,50.0,0.0
2424.0,74.0,76.0,223.0,15.0,0.0
2423.0,7.0,8.0,3.0,15.0,0.0
2423.0,39.0,28.0,11.0,65.0,0.0
2422.0,46.0,43.0,44.0,20.0,0.0
2422.0,63.0,105.0,59.0,10.0,0.0
2422.0,85.0,76.0,97.0,35.0,7.0
2422.0,128.0,90.0,18.0,40.0,0.0
2422.0,38.0,41.0,21.0,15.0,0.0
2422.0,124.0,143.0,68.0,90.0,0.0
2421.0,38.0,45.0,32.0,45.0,0.0
2421.0,130.0,106.0,56.0,25.0,0.0
2421.0,38.0,28.0,34.0,40.0,3.0
2421.0,149.0,114.0,98.0,50.0,3.0
2421.0,159.0,71.0,88.0,60.0,0.0
2421.0,71.0,113.0,54.0,25.0,0.0
2421.0,130.0,221.0,115.0,25.0,0.0
2421.0,15.0,8.0,4.0,70.0,0.0
2421.0,197.0,117.0,64.0,10.0,4.0
2421.0,32.0,20.0,22.0,65.0,0.0
2420.0,123.0,80.0,54.0,15.0,0.0
2420.0,13.0,10.0,7.0,55.0,0.0
2420.0,60.0,146.0,227.0,80.0,0.0
2420.0,142.0,177.0,119.0,75.0,0.0
2419.0,26.0,21.0,11.0,30.0,0.0
2419.0,151.0,137.0,91.0,90.0,7.0
2419.0,89.0,82.0,33.0,40.0,0.0
2419.0,55.0,60.0,257.0,45.0,0.0
2419.0,102.0,109.0,88.0,70.0,1.0
2419.0,201.0,218.0,163.0,70.0,0.0
2419.0,54.0,84.0,57.0,50.0,0.0
2419.0,62.0,41.0,56.0,50.0,0.0
2418.0,15.0,15.0,10.0,70.0,0.0
2418.0,11.0,14.0,14.0,25.0,0.0
2418.0,156.0,137.0,140.0,80.0,0.0
2418.0,25.0,32.0,132.0,10.0,0.0
2418.0,145.0,116.0,105.0,60.0,5.0
2418.0,21.0,25.0,21.0,55.0,0.0
2418.0,140.0,104.0,111.0,70.0,0.0
2418.0,44.0,105.0,188.0,25.0,0.0
2418.0,68.0,85.0,199.0,70.0,4.0
2417.0,13.0,13.0,11.0,60.0,0.0
2417.0,88.0,83.0,196.0,45.0,0.0
2417.0,222.0,158.0,130.0,65.0,11.0
2417.0,79.0,96.0,39.0,35.0,0.0
2417.0,60.0,31.0,39.0,60.0,0.0
2417.0,47.0,39.0,35.0,55.0,0.0
2417.0,38.0,127.0,96.0,45.0,0.0
2417.0,31.0,54.0,38.0,70.0,0.0
2416.0,84.0,113.0,92.0,80.0,0.0
2416.0,44.0,44.0,34.0,60.0,0.0
2416.0,133.0,121.0,44.0,15.0,0.0
2416.0,14.0,37.0,53.0,70.0,0.0
2416.0,13.0,28.0,51.0,55.0,6.0
2416.0,183.0,177.0,131.0,65.0,2.0
2416.0,47.0,69.0,35.0,10.0,0.0
2415.0,151.0,109.0,97.0,65.0,0.0
2415.0,28.0,40.0,9.0,50.0,0.0
2415.0,234.0,159.0,61.0,55.0,5.0
2415.0,20.0,10.0,77.0,80.0,17.0
2415.0,81.0,98.0,67.0,35.0,0.0
2414.0,31.0,22.0,15.0,75.0,0.0
2414.0,40.0,48.0,78.0,30.0,0.0
2414.0,275.0,126.0,73.0,55.0,1.0
2414.0,183.0,140.0,64.0,85.0,0.0
2414.0,208.0,143.0,141.0,80.0,7.0
2413.0,174.0,83.0,33.0,40.0,0.0
2413.0,180.0,165.0,67.0,85.0,0.0
2413.0,110.0,74.0,86.0,40.0,0.0
2412.0,82.0,100.0,95.0,30.0,14.0
2412.0,228.0,82.0,135.0,15.0,0.0
2412.0,212.0,133.0,54.0,70.0,0.0
2412.0,89.0,66.0,77.0,35.0,0.0
2412.0,272.0,253.0,99.0,75.0,0.0
2412.0,192.0,104.0,58.0,35.0,8.0
2411.0,56.0,32.0,11.0,70.0,0.0
2411.0,32.0,41.0,39.0,70.0,0.0
2411.0,35.0,38.0,142.0,0.0,0.0
2411.0,9.0,79.0,289.0,45.0,15.0
2411.0,90.0,54.0,9.0,85.0,0.0
2410.0,100.0,125.0,75.0,70.0,0.0
2410.0,234.0,149.0,80.0,50.0,5.0
2410.0,34.0,25.0,9.0,65.0,0.0
2410.0,63.0,66.0,121.0,45.0,1.0
2410.0,57.0,71.0,40.0,45.0,6.0
2410.0,145.0,119.0,186.0,40.0,0.0
2410.0,143.0,174.0,181.0,55.0,12.0
2410.0,230.0,190.0,158.0,55.0,0.0
2410.0,183.0,112.0,52.0,25.0,14.0
2409.0,29.0,39.0,95.0,50.0,0.0
2409.0,33.0,19.0,12.0,25.0,0.0
2409.0,81.0,87.0,60.0,55.0,0.0
2409.0,112.0,108.0,82.0,65.0,0.0
2408.0,220.0,167.0,58.0,35.0,0.0
2408.0,110.0,187.0,199.0,75.0,0.0
2408.0,194.0,211.0,65.0,60.0,0.0
2408.0,66.0,29.0,10.0,40.0,0.0
2408.0,86.0,117.0,97.0,55.0,3.0
2408.0,93.0,58.0,80.0,45.0,0.0
2407.0,4.0,15.0,6.0,55.0,0.0
2407.0,87.0,40.0,68.0,35.0,0.0
2407.0,54.0,45.0,112.0,55.0,0.0
2407.0,33.0,41.0,34.0,50.0,2.0
2407.0,129.0,139.0,90.0,75.0,0.0
2407.0,35.0,48.0,40.0,65.0,0.0
2407.0,47.0,74.0,109.0,65.0,0.0
2407.0,86.0,83.0,108.0,35.0,8.0
2406.0,96.0,63.0,48.0,65.0,0.0
2406.0,43.0,32.0,26.0,75.0,0.0
2406.0,95.0,116.0,105.0,20.0,0.0
2406.0,0.0,4.0,491.0,65.0,23.0
2406.0,49.0,65.0,25.0,30.0,0.0
2406.0,49.0,100.0,89.0,35.0,0.0
2405.0,168.0,138.0,117.0,85.0,0.0
2405.0,98.0,134.0,238.0,75.0,0.0
2405.0,49.0,88.0,358.0,60.0,0.0
2405.0,204.0,169.0,106.0,65.0,0.0
2405.0,63.0,62.0,47.0,55.0,0.0
2405.0,72.0,47.0,16.0,20.0,0.0
2405.0,152.0,88.0,72.0,15.0,1.0
2404.0,24.0,15.0,6.0,60.0,0.0
2404.0,216.0,216.0,112.0,55.0,0.0
2404.0,39.0,59.0,52.0,60.0,0.0
2404.0,71.0,77.0,118.0,45.0,0.0
2404.0,52.0,56.0,42.0,70.0,0.0
2404.0,96.0,48.0,29.0,25.0,0.0
2404.0,319.0,189.0,53.0,90.0,0.0
2403.0,184.0,125.0,47.0,25.0,0.0
2403.0,71.0,170.0,44.0,60.0,0.0
2403.0,53.0,57.0,68.0,10.0,10.0
2403.0,108.0,91.0,102.0,60.0,0.0
2403.0,177.0,121.0,122.0,50.0,0.0
2403.0,74.0,47.0,55.0,40.0,0.0
2402.0,273.0,196.0,151.0,55.0,0.0
2402.0,257.0,190.0,72.0,65.0,0.0
2402.0,83.0,80.0,41.0,65.0,0.0
2402.0,48.0,69.0,82.0,0.0,0.0
2402.0,113.0,178.0,136.0,35.0,1.0
2402.0,255.0,167.0,92.0,45.0,0.0
2402.0,109.0,70.0,58.0,45.0,0.0
2402.0,109.0,70.0,31.0,10.0,0.0
2401.0,167.0,99.0,51.0,70.0,0.0
2401.0,42.0,52.0,29.0,75.0,0.0
2401.0,197.0,119.0,102.0,50.0,13.0
2401.0,48.0,68.0,101.0,55.0,0.0
2401.0,139.0,106.0,118.0,10.0,0.0
2401.0,8.0,11.0,6.0,5.0,0.0
2401.0,180.0,135.0,189.0,65.0,0.0
2401.0,33.0,88.0,75.0,50.0,0.0
2400.0,146.0,107.0,117.0,90.0,6.0
2400.0,86.0,103.0,52.0,10.0,0.0
2400.0,27.0,21.0,13.0,70.0,0.0
2400.0,51.0,55.0,50.0,20.0,0.0
2400.0,99.0,97.0,132.0,55.0,0.0
2400.0,60.0,55.0,250.0,65.0,0.0
2400.0,43.0,45.0,77.0,70.0,0.0
2400.0,29.0,30.0,13.0,45.0,0.0
2400.0,47.0,112.0,147.0,50.0,0.0
2400.0,80.0,75.0,17.0,60.0,0.0
2400.0,100.0,83.0,93.0,55.0,0.0
2399.0,82.0,84.0,107.0,55.0,0.0
2398.0,60.0,53.0,14.0,70.0,0.0
2398.0,45.0,37.0,15.0,90.0,9.0
2397.0,228.0,144.0,168.0,65.0,1.0
2397.0,62.0,73.0,69.0,60.0,0.0
2396.0,36.0,36.0,49.0,20.0,5.0
2396.0,183.0,133.0,81.0,70.0,0.0
2396.0,37.0,34.0,32.0,45.0,0.0
2396.0,178.0,117.0,108.0,60.0,0.0
2395.0,52.0,37.0,79.0,55.0,0.0
2395.0,54.0,87.0,146.0,45.0,0.0
2394.0,15.0,8.0,6.0,40.0,0.0
2394.0,227.0,158.0,71.0,55.0,5.0
2394.0,52.0,59.0,220.0,20.0,0.0
2394.0,94.0,87.0,54.0,55.0,0.0
2394.0,55.0,60.0,67.0,50.0,0.0
2394.0,65.0,69.0,10.0,80.0,0.0
2393.0,234.0,234.0,99.0,85.0,0.0
2393.0,113.0,76.0,121.0,70.0,0.0
2393.0,10.0,24.0,15.0,70.0,0.0
2392.0,23.0,16.0,8.0,45.0,0.0
2392.0,53.0,61.0,223.0,60.0,2.0
2392.0,176.0,123.0,44.0,35.0,0.0
2391.0,149.0,117.0,142.0,25.0,0.0
2391.0,19.0,15.0,9.0,70.0,0.0
2391.0,133.0,191.0,106.0,80.0,0.0
2391.0,97.0,180.0,153.0,55.0,0.0
2390.0,129.0,130.0,45.0,60.0,0.0
2390.0,155.0,111.0,124.0,55.0,0.0
2389.0,98.0,138.0,219.0,25.0,27.0
2389.0,188.0,146.0,154.0,50.0,6.0
2389.0,112.0,148.0,94.0,70.0,0.0
2389.0,24.0,15.0,6.0,50.0,0.0
2389.0,16.0,30.0,280.0,45.0,0.0
2389.0,142.0,123.0,98.0,75.0,1.0
2388.0,114.0,193.0,132.0,80.0,0.0
2388.0,158.0,153.0,143.0,60.0,11.0
2388.0,41.0,35.0,42.0,50.0,0.0
2388.0,49.0,64.0,69.0,45.0,0.0
2388.0,68.0,39.0,12.0,30.0,0.0
2388.0,243.0,119.0,79.0,50.0,0.0
2387.0,20.0,20.0,204.0,30.0,1.0
2386.0,42.0,37.0,21.0,25.0,0.0
2386.0,41.0,58.0,76.0,55.0,0.0
2386.0,66.0,65.0,56.0,40.0,0.0
2384.0,41.0,28.0,23.0,75.0,0.0
2384.0,284.0,199.0,99.0,75.0,0.0
2384.0,104.0,79.0,91.0,20.0,3.0
2383.0,111.0,227.0,186.0,60.0,0.0
2382.0,10.0,12.0,369.0,60.0,4.0
2382.0,33.0,38.0,189.0,55.0,0.0
2381.0,110.0,80.0,147.0,30.0,7.0
2381.0,35.0,85.0,143.0,40.0,0.0
2381.0,191.0,197.0,99.0,65.0,0.0
2380.0,54.0,75.0,122.0,35.0,0.0
2380.0,91.0,79.0,85.0,45.0,0.0
2379.0,301.0,127.0,37.0,45.0,0.0
2379.0,287.0,109.0,27.0,35.0,0.0
2378.0,32.0,22.0,26.0,30.0,0.0
2378.0,15.0,12.0,11.0,60.0,0.0
2378.0,20.0,14.0,7.0,50.0,0.0
2378.0,109.0,49.0,16.0,35.0,0.0
2377.0,19.0,26.0,43.0,35.0,17.0
2377.0,18.0,18.0,10.0,25.0,0.0
2376.0,135.0,91.0,171.0,45.0,4.0
2376.0,103.0,113.0,140.0,45.0,0.0
2376.0,16.0,11.0,12.0,55.0,0.0
2376.0,104.0,44.0,10.0,55.0,0.0
2376.0,84.0,97.0,180.0,55.0,0.0
2375.0,107.0,142.0,95.0,55.0,0.0
2375.0,0.0,0.0,0.0,0.0,0.0
2374.0,42.0,20.0,10.0,15.0,2.0
2374.0,21.0,31.0,48.0,70.0,0.0
2373.0,68.0,79.0,44.0,20.0,0.0
2373.0,30.0,35.0,25.0,30.0,0.0
2373.0,119.0,109.0,100.0,55.0,1.0
2373.0,133.0,111.0,82.0,20.0,0.0
2373.0,12.0,57.0,239.0,45.0,2.0
2372.0,82.0,64.0,29.0,55.0,0.0
2372.0,43.0,45.0,115.0,45.0,20.0
2372.0,89.0,87.0,51.0,80.0,0.0
2371.0,26.0,33.0,3.0,75.0,0.0
2370.0,63.0,83.0,52.0,45.0,0.0
2370.0,241.0,164.0,66.0,60.0,0.0
2370.0,32.0,20.0,89.0,40.0,23.0
2370.0,62.0,84.0,98.0,50.0,0.0
2370.0,88.0,103.0,114.0,50.0,0.0
2369.0,11.0,14.0,1.0,5.0,0.0
2369.0,111.0,156.0,108.0,35.0,0.0
2369.0,73.0,39.0,57.0,40.0,0.0
2369.0,219.0,109.0,24.0,55.0,5.0
2369.0,180.0,127.0,97.0,40.0,7.0
2368.0,23.0,46.0,40.0,55.0,0.0
2368.0,196.0,180.0,134.0,80.0,25.0
2368.0,172.0,120.0,80.0,45.0,0.0
2367.0,123.0,78.0,117.0,45.0,0.0
2367.0,15.0,75.0,109.0,40.0,0.0
2367.0,92.0,71.0,36.0,55.0,0.0
2367.0,20.0,25.0,189.0,20.0,0.0
2366.0,37.0,49.0,334.0,65.0,8.0
2365.0,102.0,92.0,217.0,30.0,0.0
2365.0,65.0,78.0,91.0,55.0,0.0
2365.0,288.0,178.0,104.0,75.0,0.0
2365.0,49.0,37.0,16.0,30.0,6.0
2364.0,122.0,113.0,42.0,70.0,0.0
2364.0,116.0,103.0,93.0,45.0,3.0
2364.0,13.0,17.0,86.0,0.0,0.0
2363.0,145.0,175.0,108.0,50.0,6.0
2363.0,61.0,117.0,133.0,45.0,0.0
2362.0,189.0,138.0,108.0,80.0,0.0
2362.0,178.0,130.0,99.0,70.0,2.0
2362.0,30.0,24.0,12.0,50.0,0.0
2362.0,18.0,64.0,143.0,40.0,0.0
2362.0,96.0,71.0,39.0,60.0,12.0
2361.0,105.0,109.0,69.0,60.0,0.0
2360.0,181.0,110.0,37.0,40.0,4.0
2360.0,85.0,58.0,120.0,15.0,0.0
2360.0,106.0,185.0,229.0,60.0,7.0
2359.0,27.0,18.0,7.0,25.0,0.0
2359.0,103.0,105.0,143.0,45.0,11.0
2358.0,60.0,56.0,11.0,30.0,0.0
2358.0,42.0,68.0,118.0,40.0,14.0
2358.0,91.0,61.0,62.0,55.0,0.0
2358.0,94.0,94.0,117.0,15.0,8.0
2357.0,65.0,63.0,27.0,60.0,3.0
2357.0,83.0,59.0,136.0,35.0,0.0
2357.0,203.0,160.0,64.0,40.0,0.0
2357.0,47.0,60.0,211.0,40.0,0.0
2357.0,80.0,110.0,49.0,40.0,0.0
2357.0,65.0,101.0,79.0,75.0,0.0
2355.0,169.0,154.0,115.0,40.0,3.0
2354.0,214.0,159.0,81.0,95.0,5.0
2354.0,49.0,44.0,141.0,20.0,0.0
2354.0,195.0,171.0,72.0,60.0,0.0
2354.0,28.0,34.0,221.0,15.0,12.0
2354.0,46.0,111.0,56.0,80.0,0.0
2353.0,63.0,66.0,157.0,30.0,0.0
2353.0,248.0,152.0,42.0,60.0,4.0
2353.0,179.0,144.0,198.0,70.0,3.0
2352.0,161.0,116.0,35.0,45.0,0.0
2352.0,216.0,162.0,84.0,45.0,0.0
2352.0,241.0,177.0,120.0,75.0,0.0
2352.0,66.0,111.0,205.0,50.0,0.0
2351.0,162.0,138.0,82.0,40.0,5.0
2351.0,112.0,149.0,56.0,75.0,0.0
2351.0,48.0,60.0,154.0,55.0,0.0
2350.0,51.0,44.0,194.0,25.0,13.0
2350.0,142.0,80.0,48.0,50.0,39.0
2350.0,48.0,47.0,22.0,10.0,0.0
2350.0,39.0,28.0,16.0,55.0,3.0
2349.0,94.0,91.0,208.0,35.0,2.0
2349.0,48.0,30.0,121.0,55.0,0.0
2349.0,259.0,230.0,38.0,25.0,0.0
2349.0,12.0,9.0,2.0,25.0,0.0
2349.0,41.0,55.0,261.0,45.0,5.0
2349.0,63.0,104.0,77.0,30.0,0.0
2348.0,61.0,44.0,179.0,35.0,0.0
2348.0,58.0,64.0,277.0,30.0,0.0
2348.0,22.0,27.0,35.0,35.0,1.0
2348.0,245.0,202.0,72.0,70.0,0.0
2347.0,18.0,9.0,13.0,65.0,0.0
2347.0,81.0,84.0,70.0,45.0,0.0
2347.0,351.0,184.0,57.0,40.0,0.0
2347.0,79.0,80.0,55.0,20.0,8.0
2347.0,392.0,77.0,3.0,40.0,0.0
2347.0,201.0,169.0,83.0,55.0,0.0
2347.0,90.0,123.0,160.0,40.0,0.0
2346.0,211.0,111.0,98.0,50.0,21.0
2345.0,16.0,19.0,6.0,30.0,0.0
2345.0,212.0,158.0,85.0,65.0,0.0
2345.0,203.0,148.0,181.0,35.0,4.0
2345.0,117.0,174.0,134.0,65.0,0.0
2344.0,138.0,113.0,210.0,50.0,0.0
2344.0,89.0,81.0,80.0,45.0,0.0
2344.0,143.0,100.0,83.0,45.0,0.0
2343.0,62.0,101.0,160.0,70.0,0.0
2343.0,372.0,49.0,16.0,55.0,0.0
2342.0,31.0,62.0,42.0,65.0,0.0
2342.0,119.0,88.0,84.0,40.0,9.0
2342.0,21.0,64.0,115.0,40.0,0.0
2342.0,54.0,44.0,27.0,85.0,0.0
2341.0,86.0,133.0,98.0,25.0,0.0
2341.0,22.0,26.0,130.0,40.0,2.0
2341.0,50.0,54.0,44.0,35.0,0.0
2341.0,84.0,74.0,47.0,75.0,0.0
2341.0,138.0,118.0,51.0,25.0,0.0
2340.0,19.0,20.0,28.0,65.0,2.0
2340.0,55.0,109.0,182.0,40.0,13.0
2340.0,27.0,21.0,76.0,40.0,0.0
2340.0,325.0,221.0,59.0,65.0,0.0
2340.0,86.0,104.0,109.0,30.0,2.0
2340.0,215.0,163.0,134.0,30.0,6.0
2340.0,17.0,19.0,190.0,20.0,21.0
2340.0,48.0,26.0,19.0,35.0,0.0
2340.0,170.0,230.0,111.0,45.0,2.0
2340.0,36.0,46.0,41.0,25.0,0.0
2340.0,128.0,144.0,75.0,50.0,13.0
2339.0,228.0,134.0,20.0,75.0,0.0
2339.0,14.0,6.0,10.0,35.0,3.0
2339.0,9.0,12.0,8.0,25.0,0.0
2339.0,186.0,168.0,132.0,55.0,0.0
2339.0,115.0,136.0,118.0,85.0,10.0
2339.0,71.0,64.0,70.0,70.0,0.0
2338.0,38.0,25.0,14.0,45.0,0.0
2338.0,108.0,76.0,12.0,0.0,0.0
2338.0,250.0,183.0,64.0,35.0,16.0
2338.0,146.0,112.0,82.0,45.0,0.0
2338.0,85.0,196.0,165.0,60.0,0.0
2338.0,28.0,92.0,128.0,60.0,0.0
2337.0,102.0,90.0,127.0,10.0,4.0
2337.0,22.0,19.0,10.0,40.0,0.0
2337.0,87.0,77.0,63.0,45.0,0.0
2336.0,135.0,129.0,294.0,65.0,0.0
2336.0,61.0,41.0,9.0,60.0,0.0
2336.0,41.0,57.0,40.0,60.0,0.0
2336.0,59.0,59.0,46.0,30.0,6.0
2336.0,92.0,30.0,9.0,15.0,1.0
2335.0,73.0,68.0,87.0,75.0,7.0
2335.0,69.0,56.0,77.0,45.0,0.0
2335.0,371.0,148.0,56.0,35.0,0.0
2335.0,254.0,160.0,39.0,40.0,4.0
2334.0,46.0,89.0,108.0,45.0,0.0
2334.0,49.0,71.0,120.0,45.0,0.0
2334.0,96.0,63.0,93.0,65.0,0.0
2334.0,33.0,25.0,5.0,70.0,0.0
2334.0,65.0,128.0,179.0,45.0,0.0
2334.0,31.0,20.0,22.0,40.0,0.0
2334.0,72.0,68.0,38.0,65.0,0.0
2333.0,166.0,116.0,91.0,55.0,8.0
2333.0,212.0,169.0,132.0,50.0,5.0
2333.0,133.0,121.0,236.0,45.0,0.0
2333.0,38.0,103.0,204.0,60.0,10.0
2333.0,132.0,88.0,97.0,70.0,0.0
2333.0,157.0,153.0,67.0,60.0,10.0
2333.0,328.0,196.0,149.0,95.0,0.0
2333.0,101.0,84.0,97.0,45.0,5.0
2332.0,162.0,147.0,91.0,55.0,0.0
2332.0,166.0,103.0,125.0,55.0,0.0
2332.0,96.0,78.0,160.0,50.0,1.0
2331.0,43.0,46.0,32.0,75.0,0.0
2331.0,248.0,144.0,32.0,75.0,0.0
2331.0,43.0,48.0,48.0,25.0,0.0
2331.0,75.0,71.0,49.0,0.0,0.0
2331.0,192.0,184.0,49.0,60.0,0.0
2331.0,42.0,45.0,13.0,55.0,0.0
2330.0,10.0,17.0,6.0,15.0,0.0
2330.0,85.0,78.0,53.0,55.0,0.0
2330.0,105.0,84.0,24.0,55.0,0.0
2330.0,61.0,67.0,36.0,65.0,0.0
2330.0,69.0,97.0,269.0,35.0,1.0
2329.0,302.0,172.0,138.0,45.0,0.0
2329.0,20.0,32.0,153.0,35.0,0.0
2329.0,79.0,68.0,54.0,50.0,0.0
2329.0,127.0,100.0,142.0,60.0,5.0
2329.0,41.0,22.0,4.0,35.0,0.0
2329.0,221.0,166.0,118.0,55.0,6.0
2329.0,16.0,27.0,277.0,40.0,11.0
2328.0,83.0,155.0,18.0,60.0,0.0
2328.0,105.0,148.0,188.0,50.0,0.0
2328.0,155.0,107.0,43.0,70.0,0.0
2328.0,112.0,66.0,46.0,60.0,0.0
2328.0,92.0,79.0,124.0,10.0,0.0
2328.0,119.0,63.0,63.0,35.0,0.0
2328.0,49.0,66.0,187.0,30.0,1.0
2328.0,124.0,106.0,39.0,60.0,18.0
2327.0,157.0,110.0,66.0,55.0,8.0
2327.0,305.0,171.0,20.0,75.0,0.0
2327.0,25.0,12.0,2.0,35.0,0.0
2327.0,177.0,125.0,125.0,50.0,4.0
2326.0,163.0,118.0,66.0,40.0,0.0
2326.0,41.0,33.0,61.0,45.0,0.0
2326.0,47.0,58.0,92.0,45.0,0.0
2326.0,16.0,35.0,40.0,15.0,0.0
2326.0,188.0,134.0,84.0,30.0,0.0
2326.0,128.0,86.0,40.0,25.0,3.0
2326.0,148.0,147.0,78.0,35.0,4.0
2326.0,63.0,109.0,84.0,60.0,0.0
2326.0,207.0,164.0,53.0,65.0,0.0
2325.0,22.0,10.0,6.0,80.0,0.0
2325.0,98.0,110.0,116.0,50.0,2.0
2325.0,99.0,78.0,63.0,40.0,7.0
2324.0,143.0,176.0,72.0,50.0,0.0
2324.0,41.0,44.0,61.0,60.0,0.0
2324.0,32.0,17.0,11.0,65.0,0.0
2324.0,60.0,48.0,16.0,40.0,0.0
2323.0,182.0,204.0,101.0,55.0,2.0
2323.0,62.0,61.0,264.0,50.0,3.0
2322.0,45.0,53.0,82.0,40.0,0.0
2322.0,288.0,191.0,84.0,55.0,7.0
2322.0,47.0,98.0,47.0,65.0,0.0
2322.0,89.0,66.0,103.0,10.0,3.0
2322.0,105.0,101.0,91.0,20.0,0.0
2322.0,43.0,70.0,63.0,0.0,0.0
2322.0,135.0,114.0,150.0,75.0,0.0
2322.0,50.0,36.0,9.0,65.0,0.0
2322.0,36.0,20.0,13.0,70.0,0.0
2321.0,90.0,134.0,94.0,40.0,0.0
2321.0,15.0,18.0,25.0,25.0,0.0
2320.0,12.0,13.0,54.0,10.0,0.0
2320.0,81.0,68.0,95.0,55.0,4.0
2320.0,197.0,157.0,76.0,80.0,5.0
2320.0,56.0,52.0,13.0,40.0,0.0
2320.0,104.0,75.0,85.0,60.0,0.0
2320.0,48.0,29.0,31.0,70.0,0.0
2320.0,187.0,168.0,48.0,55.0,0.0
2319.0,115.0,125.0,207.0,60.0,8.0
2319.0,222.0,143.0,101.0,50.0,0.0
2319.0,62.0,87.0,155.0,40.0,0.0
2318.0,209.0,138.0,60.0,20.0,3.0
2318.0,137.0,104.0,80.0,80.0,0.0
2318.0,33.0,32.0,30.0,55.0,0.0
2318.0,244.0,183.0,86.0,10.0,13.0
2317.0,59.0,78.0,298.0,75.0,40.0
2317.0,145.0,211.0,83.0,30.0,0.0
2317.0,209.0,234.0,148.0,75.0,5.0
2317.0,71.0,61.0,161.0,60.0,0.0
2316.0,53.0,53.0,94.0,35.0,0.0
2316.0,250.0,110.0,19.0,40.0,0.0
2316.0,95.0,76.0,189.0,55.0,0.0
2316.0,119.0,144.0,31.0,15.0,0.0
2316.0,108.0,109.0,84.0,65.0,15.0
2316.0,175.0,152.0,103.0,60.0,0.0
2315.0,100.0,81.0,100.0,40.0,0.0
2315.0,146.0,130.0,112.0,50.0,2.0
2315.0,36.0,31.0,22.0,50.0,0.0
2315.0,276.0,149.0,68.0,50.0,0.0
2314.0,57.0,42.0,55.0,40.0,4.0
2314.0,175.0,133.0,48.0,80.0,0.0
2314.0,143.0,165.0,75.0,65.0,0.0
2314.0,75.0,69.0,84.0,50.0,0.0
2314.0,194.0,232.0,116.0,25.0,6.0
2314.0,169.0,105.0,118.0,60.0,0.0
2314.0,100.0,83.0,94.0,35.0,6.0
2313.0,119.0,132.0,113.0,65.0,0.0
2313.0,37.0,80.0,62.0,35.0,0.0
2313.0,157.0,163.0,150.0,10.0,0.0
2313.0,95.0,101.0,167.0,50.0,0.0
2313.0,6.0,21.0,17.0,35.0,0.0
2313.0,43.0,48.0,20.0,55.0,0.0
2312.0,34.0,21.0,16.0,75.0,0.0
2312.0,111.0,87.0,158.0,55.0,0.0
2311.0,62.0,106.0,44.0,5.0,0.0
2311.0,42.0,48.0,99.0,70.0,0.0
2311.0,268.0,207.0,100.0,75.0,8.0
2311.0,177.0,128.0,91.0,75.0,0.0
2311.0,102.0,108.0,79.0,50.0,0.0
2311.0,108.0,138.0,91.0,50.0,0.0
2311.0,107.0,71.0,69.0,65.0,0.0
2311.0,100.0,73.0,91.0,35.0,0.0
2310.0,64.0,71.0,123.0,65.0,0.0
2310.0,62.0,70.0,53.0,60.0,6.0
2310.0,66.0,47.0,35.0,40.0,0.0
2310.0,111.0,104.0,68.0,10.0,0.0
2310.0,38.0,64.0,132.0,60.0,0.0
2309.0,49.0,83.0,137.0,60.0,5.0
2309.0,125.0,68.0,23.0,30.0,0.0
2309.0,33.0,39.0,215.0,35.0,0.0
2309.0,144.0,160.0,80.0,70.0,0.0
2309.0,120.0,97.0,115.0,65.0,1.0
2309.0,55.0,38.0,17.0,60.0,0.0
2309.0,23.0,19.0,13.0,35.0,0.0
2309.0,36.0,27.0,49.0,30.0,0.0
2308.0,106.0,124.0,169.0,0.0,9.0
2308.0,210.0,155.0,82.0,55.0,0.0
2308.0,43.0,48.0,33.0,15.0,0.0
2308.0,49.0,65.0,119.0,50.0,1.0
2308.0,55.0,70.0,45.0,50.0,0.0
2308.0,210.0,104.0,35.0,65.0,0.0
2308.0,183.0,125.0,45.0,30.0,5.0
2308.0,168.0,111.0,108.0,85.0,24.0
2308.0,185.0,166.0,57.0,45.0,0.0
2308.0,119.0,88.0,117.0,55.0,4.0
2307.0,55.0,40.0,20.0,60.0,0.0
2307.0,282.0,215.0,62.0,50.0,0.0
2307.0,121.0,120.0,58.0,30.0,0.0
2307.0,57.0,91.0,68.0,30.0,0.0
2307.0,52.0,25.0,195.0,40.0,0.0
2307.0,86.0,65.0,35.0,55.0,0.0
2306.0,157.0,115.0,194.0,50.0,1.0
2305.0,202.0,130.0,133.0,45.0,0.0
2305.0,20.0,9.0,2.0,45.0,0.0
2305.0,20.0,11.0,30.0,25.0,0.0
2305.0,74.0,59.0,80.0,60.0,0.0
2304.0,119.0,114.0,88.0,55.0,0.0
2304.0,71.0,64.0,167.0,50.0,0.0
2304.0,38.0,36.0,271.0,45.0,3.0
2304.0,94.0,56.0,31.0,35.0,8.0
2304.0,90.0,246.0,69.0,60.0,0.0
2304.0,102.0,75.0,61.0,40.0,3.0
2304.0,34.0,33.0,24.0,50.0,1.0
2304.0,140.0,131.0,158.0,30.0,3.0
2304.0,130.0,93.0,21.0,25.0,0.0
2304.0,26.0,27.0,19.0,85.0,0.0
2303.0,97.0,98.0,37.0,40.0,0.0
2303.0,88.0,104.0,199.0,50.0,0.0
2303.0,132.0,88.0,74.0,45.0,0.0
2303.0,65.0,91.0,39.0,35.0,0.0
2303.0,137.0,90.0,34.0,10.0,0.0
2303.0,89.0,174.0,86.0,55.0,1.0
2302.0,53.0,50.0,156.0,45.0,0.0
2302.0,17.0,34.0,14.0,30.0,0.0
2302.0,117.0,108.0,137.0,65.0,0.0
2301.0,162.0,118.0,87.0,75.0,0.0
2301.0,225.0,116.0,96.0,50.0,0.0
2301.0,99.0,93.0,229.0,60.0,2.0
2301.0,91.0,96.0,35.0,40.0,1.0
2301.0,37.0,56.0,247.0,50.0,0.0
2301.0,63.0,76.0,127.0,50.0,0.0
2301.0,33.0,20.0,13.0,80.0,0.0
2301.0,103.0,75.0,57.0,45.0,0.0
2301.0,14.0,10.0,18.0,40.0,0.0
2300.0,21.0,24.0,10.0,50.0,0.0
2300.0,48.0,71.0,316.0,50.0,0.0
2300.0,146.0,77.0,54.0,35.0,0.0
2300.0,38.0,27.0,12.0,50.0,0.0
2300.0,36.0,30.0,26.0,50.0,0.0
2300.0,135.0,94.0,60.0,40.0,0.0
2300.0,144.0,96.0,20.0,55.0,0.0
2300.0,30.0,46.0,35.0,30.0,0.0
2300.0,22.0,8.0,4.0,45.0,0.0
2299.0,18.0,28.0,434.0,30.0,8.0
2299.0,85.0,72.0,32.0,55.0,0.0
2299.0,26.0,53.0,254.0,65.0,0.0
2299.0,138.0,126.0,64.0,50.0,22.0
2299.0,70.0,76.0,93.0,40.0,0.0
2299.0,242.0,121.0,21.0,65.0,0.0
2299.0,160.0,134.0,82.0,45.0,5.0
2299.0,191.0,115.0,53.0,60.0,0.0
2298.0,273.0,165.0,44.0,20.0,0.0
2298.0,124.0,74.0,31.0,50.0,3.0
2298.0,22.0,30.0,9.0,15.0,0.0
2298.0,202.0,120.0,93.0,100.0,0.0
2298.0,177.0,115.0,60.0,25.0,0.0
2298.0,35.0,59.0,143.0,55.0,0.0
2297.0,44.0,74.0,141.0,75.0,0.0
2296.0,100.0,127.0,140.0,25.0,1.0
2296.0,350.0,175.0,110.0,60.0,0.0
2296.0,15.0,8.0,6.0,35.0,0.0
2296.0,109.0,94.0,19.0,50.0,0.0
2296.0,13.0,11.0,8.0,35.0,0.0
2295.0,183.0,152.0,79.0,30.0,9.0
2295.0,155.0,125.0,93.0,40.0,2.0
2295.0,172.0,95.0,17.0,35.0,8.0
2295.0,71.0,96.0,77.0,80.0,0.0
2295.0,85.0,144.0,73.0,65.0,0.0
2295.0,34.0,52.0,286.0,55.0,4.0
2294.0,133.0,145.0,87.0,55.0,0.0
2294.0,12.0,27.0,19.0,5.0,0.0
2294.0,26.0,24.0,8.0,50.0,0.0
2294.0,28.0,47.0,170.0,60.0,0.0
2294.0,280.0,218.0,79.0,85.0,0.0
2294.0,273.0,135.0,30.0,55.0,0.0
2293.0,53.0,53.0,27.0,35.0,0.0
2293.0,221.0,139.0,81.0,60.0,0.0
2293.0,104.0,211.0,194.0,40.0,0.0
2293.0,175.0,201.0,102.0,65.0,0.0
2293.0,170.0,207.0,167.0,80.0,0.0
2293.0,101.0,74.0,16.0,50.0,0.0
2292.0,21.0,20.0,17.0,65.0,0.0
2292.0,29.0,32.0,182.0,30.0,0.0
2292.0,48.0,30.0,13.0,30.0,0.0
2292.0,42.0,42.0,27.0,55.0,2.0
2292.0,56.0,31.0,10.0,85.0,0.0
2292.0,101.0,77.0,39.0,50.0,0.0
2292.0,61.0,56.0,343.0,60.0,0.0
2291.0,79.0,49.0,32.0,70.0,0.0
2291.0,30.0,53.0,18.0,50.0,0.0
2291.0,128.0,99.0,172.0,15.0,5.0
2291.0,15.0,20.0,249.0,50.0,0.0
2291.0,37.0,14.0,3.0,45.0,0.0
2291.0,102.0,141.0,246.0,85.0,0.0
2291.0,122.0,142.0,95.0,60.0,0.0
2290.0,81.0,82.0,102.0,65.0,0.0
2290.0,124.0,95.0,46.0,30.0,0.0
2290.0,196.0,231.0,64.0,45.0,0.0
2290.0,120.0,140.0,67.0,40.0,0.0
2290.0,29.0,27.0,14.0,40.0,0.0
2289.0,136.0,118.0,81.0,35.0,8.0
2289.0,122.0,117.0,91.0,20.0,3.0
2289.0,9.0,38.0,22.0,50.0,0.0
2289.0,19.0,23.0,11.0,40.0,0.0
2289.0,92.0,122.0,98.0,40.0,0.0
2289.0,124.0,107.0,84.0,70.0,3.0
2289.0,95.0,123.0,317.0,40.0,0.0
2289.0,184.0,110.0,29.0,25.0,0.0
2289.0,141.0,78.0,22.0,25.0,0.0
2289.0,233.0,112.0,92.0,60.0,3.0
2289.0,82.0,94.0,228.0,45.0,2.0
2289.0,175.0,148.0,126.0,85.0,0.0
2288.0,50.0,78.0,111.0,15.0,0.0
2288.0,283.0,202.0,81.0,90.0,6.0
2288.0,46.0,46.0,279.0,60.0,1.0
2288.0,36.0,46.0,304.0,65.0,14.0
2288.0,35.0,52.0,35.0,55.0,6.0
2288.0,47.0,41.0,26.0,50.0,2.0
2288.0,146.0,219.0,87.0,35.0,0.0
2288.0,79.0,66.0,25.0,65.0,0.0
2287.0,81.0,38.0,8.0,75.0,0.0
2287.0,194.0,122.0,76.0,65.0,1.0
2286.0,40.0,43.0,210.0,30.0,0.0
2286.0,26.0,22.0,6.0,65.0,0.0
2286.0,54.0,76.0,75.0,75.0,0.0
2286.0,48.0,86.0,183.0,60.0,0.0
2286.0,62.0,45.0,159.0,40.0,7.0
2285.0,51.0,52.0,63.0,45.0,0.0
2285.0,222.0,170.0,108.0,75.0,5.0
2285.0,109.0,107.0,45.0,50.0,0.0
2285.0,150.0,112.0,68.0,45.0,0.0
2285.0,125.0,127.0,122.0,90.0,0.0
2285.0,30.0,30.0,3.0,55.0,0.0
2285.0,93.0,95.0,203.0,55.0,0.0
2284.0,30.0,43.0,135.0,35.0,0.0
2284.0,352.0,238.0,34.0,70.0,1.0
2283.0,38.0,75.0,83.0,45.0,0.0
2283.0,24.0,20.0,82.0,65.0,0.0
2283.0,96.0,96.0,153.0,45.0,8.0
2283.0,152.0,117.0,135.0,45.0,0.0
2283.0,79.0,85.0,177.0,40.0,0.0
2282.0,86.0,91.0,202.0,40.0,0.0
2282.0,143.0,67.0,170.0,75.0,0.0
2282.0,97.0,121.0,46.0,55.0,0.0
2282.0,306.0,215.0,101.0,85.0,15.0
2282.0,71.0,78.0,65.0,40.0,11.0
2282.0,164.0,176.0,110.0,65.0,9.0
2282.0,110.0,142.0,49.0,75.0,0.0
2282.0,29.0,21.0,27.0,35.0,0.0
2281.0,23.0,16.0,13.0,55.0,0.0
2281.0,22.0,17.0,57.0,40.0,7.0
2281.0,75.0,60.0,179.0,75.0,22.0
2281.0,123.0,107.0,71.0,60.0,0.0
2281.0,33.0,49.0,207.0,55.0,4.0
2281.0,131.0,78.0,91.0,20.0,0.0
2281.0,75.0,155.0,107.0,20.0,0.0
2281.0,110.0,122.0,90.0,15.0,2.0
2281.0,16.0,15.0,12.0,40.0,0.0
2281.0,121.0,133.0,141.0,50.0,4.0
2280.0,184.0,157.0,113.0,60.0,0.0
2280.0,62.0,87.0,130.0,55.0,0.0
2280.0,25.0,10.0,4.0,45.0,0.0
2280.0,89.0,195.0,81.0,55.0,0.0
2280.0,126.0,84.0,87.0,70.0,0.0
2279.0,153.0,143.0,86.0,55.0,1.0
2279.0,372.0,154.0,8.0,75.0,0.0
2279.0,67.0,63.0,40.0,50.0,0.0
2279.0,17.0,9.0,7.0,45.0,0.0
2279.0,92.0,142.0,56.0,55.0,0.0
2279.0,116.0,90.0,63.0,45.0,0.0
2279.0,106.0,65.0,25.0,50.0,0.0
2278.0,71.0,101.0,60.0,5.0,0.0
2278.0,26.0,20.0,6.0,60.0,0.0
2278.0,27.0,19.0,8.0,60.0,0.0
2278.0,118.0,114.0,216.0,50.0,0.0
2278.0,10.0,9.0,6.0,30.0,0.0
2277.0,218.0,158.0,87.0,45.0,20.0
2277.0,22.0,22.0,15.0,0.0,0.0
2277.0,95.0,103.0,57.0,30.0,0.0
2276.0,166.0,121.0,58.0,55.0,4.0
2276.0,29.0,29.0,23.0,75.0,0.0
2276.0,158.0,150.0,45.0,20.0,0.0
2276.0,71.0,81.0,252.0,40.0,0.0
2276.0,139.0,212.0,126.0,70.0,7.0
2276.0,69.0,40.0,23.0,65.0,0.0
2276.0,64.0,84.0,271.0,65.0,0.0
2275.0,18.0,9.0,5.0,80.0,0.0
2275.0,72.0,121.0,28.0,65.0,0.0
2275.0,107.0,147.0,90.0,20.0,0.0
2275.0,122.0,193.0,163.0,50.0,1.0
2274.0,222.0,193.0,102.0,45.0,0.0
2274.0,192.0,95.0,21.0,55.0,0.0
2274.0,63.0,112.0,104.0,50.0,0.0
2274.0,33.0,53.0,119.0,65.0,0.0
2274.0,444.0,166.0,25.0,75.0,0.0
2274.0,20.0,30.0,162.0,20.0,2.0
2274.0,235.0,122.0,36.0,75.0,0.0
2274.0,69.0,75.0,72.0,80.0,0.0
2273.0,28.0,25.0,226.0,25.0,6.0
2273.0,193.0,100.0,71.0,60.0,0.0
2273.0,34.0,37.0,138.0,65.0,2.0
2273.0,30.0,41.0,180.0,25.0,1.0
2272.0,112.0,129.0,167.0,75.0,24.0
2272.0,54.0,55.0,34.0,0.0,1.0
2272.0,77.0,86.0,56.0,40.0,1.0
2272.0,13.0,9.0,8.0,75.0,0.0
2272.0,176.0,106.0,116.0,55.0,0.0
2272.0,110.0,123.0,79.0,30.0,0.0
2271.0,193.0,149.0,171.0,60.0,34.0
2271.0,62.0,62.0,74.0,55.0,0.0
2271.0,62.0,43.0,166.0,35.0,2.0
2271.0,147.0,108.0,51.0,60.0,0.0
2271.0,10.0,36.0,89.0,65.0,0.0
2271.0,114.0,133.0,203.0,35.0,11.0
2270.0,240.0,214.0,87.0,85.0,5.0
2270.0,14.0,37.0,142.0,45.0,8.0
2270.0,376.0,197.0,33.0,95.0,2.0
2270.0,186.0,101.0,30.0,40.0,0.0
2270.0,238.0,155.0,148.0,55.0,0.0
2270.0,108.0,107.0,43.0,25.0,0.0
2270.0,95.0,91.0,89.0,45.0,16.0
2270.0,41.0,55.0,149.0,25.0,0.0
2269.0,78.0,70.0,309.0,60.0,0.0
2269.0,62.0,82.0,43.0,30.0,0.0
2269.0,105.0,119.0,264.0,55.0,5.0
2268.0,153.0,131.0,45.0,25.0,0.0
2268.0,140.0,121.0,155.0,65.0,0.0
2268.0,167.0,88.0,48.0,75.0,0.0
2268.0,186.0,180.0,82.0,60.0,0.0
2268.0,156.0,160.0,92.0,65.0,0.0
2267.0,227.0,143.0,78.0,30.0,1.0
2267.0,42.0,52.0,40.0,60.0,0.0
2267.0,106.0,234.0,138.0,70.0,0.0
2267.0,206.0,140.0,14.0,40.0,0.0
2267.0,130.0,155.0,57.0,75.0,0.0
2267.0,15.0,10.0,2.0,60.0,0.0
2267.0,185.0,165.0,91.0,85.0,27.0
2267.0,51.0,78.0,139.0,60.0,0.0
2267.0,50.0,86.0,39.0,40.0,0.0
2267.0,45.0,48.0,53.0,60.0,16.0
2267.0,175.0,153.0,91.0,35.0,5.0
2266.0,58.0,52.0,92.0,40.0,0.0
2266.0,43.0,28.0,18.0,70.0,0.0
2266.0,119.0,111.0,97.0,75.0,0.0
2266.0,29.0,37.0,256.0,55.0,0.0
2266.0,118.0,61.0,17.0,60.0,0.0
2266.0,144.0,103.0,103.0,10.0,0.0
2266.0,186.0,156.0,97.0,40.0,0.0
2266.0,120.0,167.0,121.0,65.0,6.0
2265.0,23.0,93.0,146.0,40.0,0.0
2265.0,85.0,54.0,99.0,45.0,0.0
2265.0,80.0,68.0,28.0,15.0,0.0
2265.0,156.0,125.0,70.0,45.0,0.0
2265.0,40.0,28.0,207.0,40.0,0.0
2265.0,235.0,127.0,142.0,25.0,3.0
2265.0,82.0,357.0,59.0,50.0,0.0
2265.0,59.0,51.0,38.0,50.0,0.0
2265.0,65.0,103.0,49.0,30.0,0.0
2265.0,186.0,189.0,49.0,50.0,0.0
2264.0,75.0,102.0,84.0,60.0,0.0
2264.0,71.0,49.0,54.0,55.0,0.0
2264.0,0.0,0.0,208.0,30.0,8.0
2264.0,77.0,68.0,28.0,25.0,26.0
2264.0,61.0,53.0,88.0,55.0,0.0
2264.0,87.0,60.0,125.0,70.0,0.0
2264.0,39.0,39.0,165.0,40.0,4.0
2264.0,65.0,110.0,219.0,55.0,15.0
2264.0,198.0,136.0,93.0,50.0,1.0
2264.0,43.0,108.0,251.0,80.0,15.0
2263.0,201.0,178.0,174.0,95.0,0.0
2263.0,105.0,138.0,144.0,55.0,0.0
2263.0,18.0,224.0,227.0,85.0,23.0
2263.0,85.0,133.0,74.0,50.0,0.0
2263.0,450.0,87.0,14.0,90.0,0.0
2263.0,77.0,117.0,95.0,70.0,11.0
2263.0,142.0,118.0,129.0,55.0,0.0
2263.0,114.0,112.0,243.0,45.0,0.0
2263.0,165.0,146.0,110.0,60.0,17.0
2263.0,82.0,114.0,231.0,50.0,11.0
2263.0,86.0,91.0,171.0,60.0,1.0
2263.0,112.0,94.0,211.0,45.0,0.0
2262.0,152.0,99.0,58.0,60.0,0.0
2262.0,91.0,94.0,161.0,20.0,6.0
2262.0,20.0,21.0,6.0,30.0,0.0
2262.0,192.0,175.0,73.0,70.0,0.0
2262.0,32.0,16.0,5.0,85.0,0.0
2262.0,133.0,137.0,80.0,65.0,0.0
2262.0,110.0,98.0,121.0,30.0,7.0
2262.0,51.0,80.0,210.0,30.0,17.0
2261.0,93.0,108.0,31.0,55.0,0.0
2261.0,52.0,60.0,137.0,45.0,0.0
2261.0,54.0,102.0,170.0,15.0,4.0
2261.0,136.0,119.0,131.0,70.0,0.0
2261.0,190.0,216.0,47.0,50.0,1.0
2260.0,123.0,150.0,130.0,45.0,0.0
2260.0,126.0,122.0,54.0,30.0,0.0
2260.0,66.0,84.0,146.0,60.0,0.0
2260.0,112.0,84.0,152.0,60.0,0.0
2260.0,94.0,84.0,51.0,75.0,2.0
2260.0,126.0,64.0,13.0,5.0,0.0
2259.0,94.0,66.0,25.0,40.0,0.0
2259.0,162.0,152.0,209.0,65.0,11.0
2259.0,32.0,38.0,71.0,70.0,0.0
2259.0,98.0,112.0,102.0,30.0,0.0
2259.0,212.0,147.0,124.0,50.0,4.0
2259.0,279.0,181.0,89.0,80.0,40.0
2258.0,123.0,48.0,25.0,35.0,0.0
2258.0,99.0,69.0,25.0,45.0,6.0
2258.0,108.0,93.0,135.0,15.0,0.0
2258.0,135.0,126.0,6.0,45.0,50.0
2258.0,22.0,143.0,171.0,55.0,0.0
2258.0,199.0,148.0,116.0,55.0,10.0
2257.0,134.0,135.0,91.0,70.0,0.0
2257.0,163.0,129.0,73.0,30.0,0.0
2257.0,31.0,55.0,12.0,45.0,0.0
2257.0,67.0,59.0,130.0,10.0,0.0
2256.0,62.0,54.0,181.0,45.0,0.0
2256.0,78.0,76.0,33.0,10.0,4.0
2256.0,148.0,175.0,66.0,45.0,0.0
2256.0,100.0,207.0,82.0,50.0,9.0
2256.0,191.0,129.0,63.0,75.0,0.0
2256.0,46.0,24.0,14.0,80.0,0.0
2256.0,34.0,31.0,121.0,55.0,0.0
2256.0,46.0,67.0,148.0,65.0,0.0
2256.0,106.0,103.0,125.0,45.0,0.0
2256.0,46.0,41.0,22.0,55.0,1.0
2256.0,56.0,135.0,88.0,55.0,0.0
2255.0,48.0,38.0,14.0,70.0,0.0
2255.0,47.0,67.0,182.0,45.0,1.0
2255.0,52.0,242.0,68.0,60.0,0.0
2255.0,236.0,159.0,178.0,75.0,0.0
2255.0,37.0,29.0,21.0,50.0,0.0
2254.0,203.0,129.0,130.0,15.0,0.0
2254.0,181.0,128.0,52.0,40.0,7.0
2254.0,242.0,159.0,100.0,30.0,0.0
2254.0,127.0,89.0,51.0,50.0,0.0
2254.0,326.0,153.0,74.0,50.0,4.0
2254.0,27.0,17.0,7.0,50.0,0.0
2254.0,33.0,50.0,27.0,55.0,0.0
2254.0,12.0,17.0,11.0,60.0,0.0
2253.0,138.0,138.0,161.0,50.0,0.0
2253.0,108.0,107.0,70.0,40.0,0.0
2253.0,123.0,101.0,67.0,25.0,8.0
2253.0,42.0,37.0,22.0,40.0,0.0
2253.0,264.0,179.0,201.0,80.0,0.0
2253.0,178.0,133.0,110.0,50.0,0.0
2253.0,232.0,94.0,15.0,75.0,0.0
2253.0,26.0,23.0,12.0,30.0,0.0
2253.0,54.0,50.0,17.0,60.0,0.0
2253.0,31.0,42.0,263.0,50.0,1.0
2252.0,93.0,76.0,196.0,65.0,5.0
2252.0,251.0,194.0,62.0,95.0,0.0
2252.0,30.0,36.0,22.0,20.0,0.0
2252.0,99.0,39.0,7.0,65.0,1.0
2252.0,111.0,49.0,18.0,25.0,0.0
2252.0,181.0,118.0,94.0,40.0,0.0
2252.0,41.0,29.0,70.0,50.0,2.0
2252.0,62.0,54.0,24.0,50.0,0.0
2251.0,126.0,98.0,53.0,50.0,0.0
2251.0,52.0,46.0,93.0,55.0,0.0
2251.0,83.0,53.0,43.0,70.0,0.0
2251.0,172.0,109.0,18.0,80.0,0.0
2251.0,57.0,55.0,136.0,20.0,3.0
2251.0,89.0,71.0,22.0,60.0,2.0
2251.0,91.0,51.0,24.0,65.0,0.0
2251.0,279.0,189.0,106.0,70.0,24.0
2251.0,171.0,113.0,63.0,15.0,0.0
2251.0,16.0,20.0,371.0,65.0,3.0
2250.0,99.0,84.0,104.0,45.0,2.0
2250.0,15.0,4.0,8.0,75.0,0.0
2250.0,32.0,29.0,40.0,15.0,1.0
2250.0,50.0,92.0,47.0,50.0,0.0
2250.0,84.0,124.0,271.0,65.0,1.0
2250.0,114.0,54.0,62.0,60.0,0.0
2250.0,230.0,99.0,17.0,75.0,0.0
2249.0,140.0,104.0,43.0,35.0,1.0
2249.0,253.0,184.0,76.0,45.0,8.0
2249.0,138.0,51.0,13.0,5.0,0.0
2249.0,20.0,11.0,14.0,70.0,0.0
2249.0,419.0,168.0,38.0,75.0,0.0
2249.0,134.0,72.0,21.0,50.0,0.0
2249.0,25.0,16.0,3.0,5.0,0.0
2249.0,61.0,29.0,5.0,80.0,0.0
2249.0,2.0,4.0,2.0,5.0,0.0
2249.0,236.0,178.0,90.0,90.0,0.0
2249.0,53.0,50.0,34.0,35.0,0.0
2249.0,22.0,10.0,2.0,40.0,0.0
2248.0,100.0,57.0,26.0,10.0,0.0
2248.0,17.0,14.0,11.0,40.0,0.0
2248.0,9.0,16.0,438.0,85.0,2.0
2248.0,179.0,93.0,24.0,35.0,0.0
2247.0,87.0,101.0,187.0,50.0,0.0
2247.0,161.0,116.0,40.0,45.0,4.0
2247.0,87.0,78.0,44.0,50.0,0.0
2247.0,131.0,217.0,180.0,75.0,0.0
2247.0,137.0,151.0,87.0,35.0,1.0
2247.0,33.0,24.0,6.0,35.0,0.0
2247.0,40.0,53.0,206.0,60.0,0.0
2247.0,196.0,203.0,44.0,20.0,0.0
2247.0,159.0,135.0,109.0,40.0,0.0
2246.0,241.0,121.0,21.0,35.0,0.0
2246.0,209.0,128.0,72.0,80.0,2.0
2246.0,37.0,23.0,3.0,65.0,0.0
2246.0,286.0,170.0,72.0,55.0,4.0
2246.0,141.0,123.0,54.0,40.0,0.0
2246.0,11.0,7.0,4.0,45.0,0.0
2246.0,62.0,66.0,55.0,0.0,1.0
2246.0,58.0,26.0,2.0,65.0,0.0
2245.0,207.0,121.0,87.0,40.0,9.0
2245.0,207.0,134.0,60.0,70.0,0.0
2245.0,80.0,64.0,26.0,45.0,4.0
2245.0,124.0,117.0,108.0,70.0,0.0
2245.0,142.0,97.0,103.0,40.0,0.0
2245.0,432.0,208.0,33.0,65.0,0.0
2245.0,190.0,125.0,78.0,70.0,2.0
2245.0,81.0,87.0,27.0,70.0,0.0
2245.0,109.0,93.0,128.0,45.0,0.0
2244.0,150.0,96.0,53.0,55.0,0.0
2244.0,108.0,92.0,186.0,25.0,0.0
2244.0,92.0,90.0,82.0,30.0,0.0
2244.0,260.0,143.0,31.0,25.0,6.0
2244.0,176.0,189.0,86.0,40.0,2.0
2244.0,145.0,163.0,104.0,25.0,0.0
2244.0,164.0,134.0,70.0,70.0,0.0
2243.0,193.0,147.0,80.0,80.0,0.0
2243.0,150.0,107.0,52.0,45.0,3.0
2243.0,82.0,125.0,171.0,55.0,0.0
2243.0,225.0,164.0,76.0,65.0,1.0
2243.0,43.0,48.0,84.0,35.0,0.0
2243.0,25.0,27.0,66.0,40.0,0.0
2243.0,196.0,139.0,45.0,30.0,7.0
2243.0,171.0,178.0,34.0,45.0,0.0
2242.0,10.0,6.0,6.0,35.0,0.0
2242.0,129.0,119.0,86.0,45.0,0.0
2242.0,153.0,66.0,69.0,40.0,0.0
2242.0,152.0,76.0,43.0,85.0,0.0
2242.0,218.0,155.0,22.0,60.0,0.0
2242.0,148.0,151.0,170.0,60.0,6.0
2242.0,32.0,23.0,179.0,30.0,0.0
2241.0,201.0,120.0,35.0,5.0,0.0
2241.0,25.0,20.0,11.0,50.0,0.0
2241.0,9.0,20.0,323.0,50.0,48.0
2241.0,146.0,99.0,61.0,50.0,5.0
2241.0,31.0,13.0,1.0,60.0,0.0
2241.0,29.0,26.0,13.0,25.0,5.0
2240.0,149.0,128.0,140.0,65.0,0.0
2240.0,76.0,60.0,79.0,30.0,11.0
2240.0,53.0,72.0,175.0,40.0,0.0
2240.0,99.0,148.0,124.0,0.0,3.0
2240.0,129.0,144.0,73.0,20.0,0.0
2240.0,109.0,100.0,143.0,35.0,0.0
2240.0,21.0,12.0,4.0,55.0,0.0
2240.0,181.0,143.0,54.0,40.0,0.0
2239.0,112.0,78.0,27.0,55.0,0.0
2239.0,68.0,40.0,36.0,50.0,0.0
2239.0,90.0,61.0,20.0,65.0,0.0
2239.0,17.0,72.0,32.0,55.0,1.0
2239.0,72.0,113.0,172.0,40.0,0.0
2239.0,208.0,154.0,107.0,65.0,6.0
2239.0,154.0,147.0,40.0,50.0,0.0
2239.0,125.0,103.0,147.0,50.0,21.0
2239.0,30.0,20.0,2.0,30.0,0.0
2239.0,70.0,93.0,46.0,65.0,2.0
2238.0,45.0,20.0,2.0,60.0,0.0
2238.0,116.0,76.0,16.0,75.0,5.0
2238.0,139.0,153.0,144.0,65.0,0.0
2238.0,80.0,86.0,121.0,60.0,24.0
2238.0,71.0,54.0,20.0,30.0,0.0
2238.0,80.0,72.0,14.0,65.0,0.0
2238.0,269.0,178.0,69.0,45.0,5.0
2238.0,225.0,79.0,65.0,65.0,7.0
2238.0,66.0,31.0,7.0,75.0,0.0
2238.0,186.0,149.0,87.0,65.0,0.0
2238.0,72.0,81.0,33.0,75.0,0.0
2238.0,130.0,60.0,49.0,80.0,0.0
2238.0,110.0,75.0,155.0,40.0,0.0
2238.0,340.0,161.0,35.0,50.0,0.0
2237.0,196.0,130.0,207.0,55.0,0.0
2237.0,127.0,100.0,120.0,15.0,1.0
2237.0,48.0,123.0,93.0,40.0,0.0
2237.0,295.0,143.0,65.0,85.0,5.0
2237.0,181.0,111.0,83.0,55.0,0.0
2237.0,52.0,97.0,95.0,50.0,0.0
2236.0,181.0,199.0,187.0,5.0,15.0
2236.0,118.0,121.0,109.0,35.0,5.0
2236.0,75.0,78.0,27.0,35.0,0.0
2236.0,46.0,38.0,13.0,70.0,0.0
2236.0,35.0,17.0,2.0,50.0,0.0
2236.0,13.0,22.0,7.0,20.0,0.0
2236.0,114.0,113.0,47.0,25.0,0.0
2236.0,75.0,79.0,124.0,65.0,7.0
